2026/07/28-09:30:00,GOOG,143.88,13,euro,fd942c7383fb8e95df53e9170f08c271
2026/07/28-09:35:00,GOOG,145.12,13,euro,4ccf2dab05aec445a19df63a336e81ca
2026/07/28-09:40:00,GOOG,146.89,13,euro,38b52c5c11397275f4212729fe1780b9
2026/07/28-09:45:00,GOOG,150.11,13,euro,840616516f4573c42c16d40051a8553a
2026/07/28-09:50:00,GOOG,151.24,13,euro,396aaf21c39c0fd30890a94a642a814d
2026/07/28-09:55:00,GOOG,145.80,13,euro,8ac7c2e4e845580ad7f56d759baf32e1
2026/07/28-10:00:00,GOOG,144.08,13,euro,b387d240c16f8a121ed8022c14fc0a40
2026/07/28-10:05:00,GOOG,143.81,13,euro,cdd6a85096d981945b24d0a8ee1cc722
2026/07/28-10:10:00,GOOG,143.17,13,euro,fda5ff65ae56f8846e11a9c9b22e84c8
2026/07/28-10:15:00,GOOG,142.92,13,euro,6d710fbb97a6330cc04b9a0231d84937
2026/07/28-10:20:00,GOOG,140.55,14,euro,30df261120d7be3efef7a184baab0c0d
2026/07/28-10:25:00,GOOG,142.72,14,euro,eb356cd18e07570887f72cdf9c476950
2026/07/28-10:30:00,GOOG,144.66,13,euro,1243fa80209688a4bf6247173228138b
2026/07/28-10:35:00,GOOG,145.42,13,euro,4f540b89612f8f7014467d40bec294df
2026/07/28-10:40:00,GOOG,147.27,13,euro,847920e9226344a961746aa9c354230e
2026/07/28-10:45:00,GOOG,146.61,13,euro,f927fca701fb8bf3da7d456a675a5d6d
2026/07/28-10:50:00,GOOG,142.54,14,euro,2f8e4d58d28a5e077b99d87be569d0cc
2026/07/28-10:55:00,GOOG,141.61,14,euro,869364e964d00fb95298067693a3cffd
2026/07/28-11:00:00,GOOG,141.47,14,euro,d8a2977d9069f9ead74cb859275dedd7
2026/07/28-11:05:00,GOOG,143.44,13,euro,8922a2258a6b2f2721be5b660ea7844e
2026/07/28-11:10:00,GOOG,141.12,14,euro,f6bf8758f8f5a77b2cea21a274e713e5
2026/07/28-11:15:00,GOOG,140.64,14,euro,a04fb380b5c64dbd4e15b81b42e1d43b
2026/07/28-11:20:00,GOOG,141.44,14,euro,3bef3ea6925475d1d945fc217161d49e
2026/07/28-11:25:00,GOOG,144.12,13,euro,752f1abc92d9fe5b4ac6e861f98f588a
2026/07/28-11:30:00,GOOG,146.06,13,euro,97f1f481eb4bcb486207b77df6315653
2026/07/28-11:35:00,GOOG,150.19,13,euro,4dbde1e00345255381d2131cf304b032
2026/07/28-11:40:00,GOOG,146.24,13,euro,a68b58e1ecca68a58e44d0818c79f5d5
2026/07/28-11:45:00,GOOG,148.23,13,euro,68d4f495b1d2fc8f40fb5154ca5966fa
2026/07/28-11:50:00,GOOG,147.20,13,euro,f15d72fcfecfd184f190c02fc2cb7c9f
2026/07/28-11:55:00,GOOG,147.90,13,euro,f8aaa1494f1996c56e55f3c1b3109a81
2026/07/28-12:00:00,GOOG,150.19,13,euro,51f9422f01ccd622c6e5fc32d50afdbe
2026/07/28-12:05:00,GOOG,150.37,13,euro,c488de5dbd9e49cab79cd6c57de4dbef
2026/07/28-12:10:00,GOOG,153.05,13,euro,b79fedd36b8c8ca958dd01ce7b85d395
2026/07/28-12:15:00,GOOG,150.20,13,euro,8229190a0a153d5cdb3a40aa3c60f3b0
2026/07/28-12:20:00,GOOG,153.18,13,euro,8d028315caf7559365f885fe4755ae67
2026/07/28-12:25:00,GOOG,151.20,13,euro,cb72f9e6ba86301a896793af10c36c9f
2026/07/28-12:30:00,GOOG,151.41,13,euro,56cdcebfecc6139e77e97f1916b9a627
2026/07/28-12:35:00,GOOG,148.64,13,euro,94870bc131c3702f40298ca74efdc257
2026/07/28-12:40:00,GOOG,154.52,12,euro,e9bdbd840f210a8596d647d2c2199609
2026/07/28-12:45:00,GOOG,152.16,13,euro,4f50b37c966bbe94ff51a00856369f25
2026/07/28-12:50:00,GOOG,149.66,13,euro,19ad04c99606c39d59196b0d93b18d6b
2026/07/28-12:55:00,GOOG,152.29,13,euro,9aaf4754dc28ba7c74f39167e8ebe371
2026/07/28-13:00:00,GOOG,152.29,13,euro,c2ee7d037e8c12b68d966ad52f9a6ecc
2026/07/28-13:05:00,GOOG,152.13,13,euro,7d1713b8f39e3b21201e8243407204e2
2026/07/28-13:10:00,GOOG,154.05,12,euro,3fa91059127036d13fabfe74253a0df4
2026/07/28-13:15:00,GOOG,151.68,13,euro,3fcd245209a1736a36a20f9b4cf9236e
2026/07/28-13:20:00,GOOG,152.13,13,euro,21ee45f5df7ccb0690324832cc6b6fa5
2026/07/28-13:25:00,GOOG,153.13,13,euro,5a38a062d8f454e186030d1ee23d1802
2026/07/28-13:30:00,GOOG,152.27,13,euro,956d79c65c12951181ba7d3b0f467316
2026/07/28-13:35:00,GOOG,152.34,13,euro,d4922fa6204010f0877862fab2ba18e7
2026/07/28-13:40:00,GOOG,151.33,13,euro,cdb45f5399122d725a2e16cc84d21678
2026/07/28-13:45:00,GOOG,151.56,13,euro,a88da2ec4cef138a178d4c73d4d0522d
2026/07/28-13:50:00,GOOG,153.99,12,euro,bfe00d2620d25d0604d652b3ec71f015
2026/07/28-13:55:00,GOOG,155.57,12,euro,bfb5403db029671ec718f133ef0e827c
2026/07/28-14:00:00,GOOG,156.36,12,euro,9cdaf01e44e8b83e18c4795a14e6ee36
2026/07/28-14:05:00,GOOG,157.99,12,euro,39ab7ce715165b59c9bc2a1c9b73bec2
2026/07/28-14:10:00,GOOG,161.94,12,euro,0b0cc6707d906fe560a126744aac7c69
2026/07/28-14:15:00,GOOG,170.46,11,euro,83c4878dc122e32457c2da6f99070504
2026/07/28-14:20:00,GOOG,166.21,12,euro,7c76bb4e956d66fbe8ee40df4e913de0
2026/07/28-14:25:00,GOOG,169.95,11,euro,1fdb4c238f22991c6269e6cff74def0d
2026/07/28-14:30:00,GOOG,166.62,12,euro,1e66cb9103c024ce43c145ed779fb6a1
2026/07/28-14:35:00,GOOG,162.83,12,euro,7d750bf9cb2ce5c9e0993b090e9acf1a
2026/07/28-14:40:00,GOOG,165.83,12,euro,d6bb243fbd2b8ea91ced518385a27dfe
2026/07/28-14:45:00,GOOG,165.26,12,euro,7a12b2f2d642ca4fff5e7cb5c02ba1a4
2026/07/28-14:50:00,GOOG,164.71,12,euro,1dfa197112e4ed041b0db47ad3a3b0b4
2026/07/28-14:55:00,GOOG,168.80,11,euro,6c220f4a9b455a226b37f2c26c185447
2026/07/28-15:00:00,GOOG,166.12,12,euro,02066b2345e16aec2c630447de955928
2026/07/28-15:05:00,GOOG,168.30,11,euro,1f08f687ce39be9f4a0d34addc3b4964
2026/07/28-15:10:00,GOOG,168.94,11,euro,0502a3efcb2664c42cd77d7dea7bfa5d
2026/07/28-15:15:00,GOOG,173.91,11,euro,885fc2fb0bd05b50cf0187d02de6efa1
2026/07/28-15:20:00,GOOG,167.61,11,euro,9062372c37dd62c2fe815f319987179e
2026/07/28-15:25:00,GOOG,170.19,11,euro,e70f1aab4149f5da34ed3139e60e50fd
2026/07/28-15:30:00,GOOG,170.51,11,euro,73ddbf714e93caba61cdad24c03c9674
2026/07/28-15:35:00,GOOG,166.72,11,euro,07a2230f4f7d4d83b25f836cefb29dbe
2026/07/28-15:40:00,GOOG,164.94,12,euro,c9e99cf41aa4d615a2e76fcaae3d551d
2026/07/28-15:45:00,GOOG,168.51,11,euro,01e4df17546d2f9d8cd449f23a093911
2026/07/28-15:50:00,GOOG,169.25,11,euro,6fd1c03894602f908490fd422253df78
2026/07/28-15:55:00,GOOG,163.70,12,euro,4308e79fd49a0158a986abf81bc60fb3
2026/07/28-16:00:00,GOOG,164.35,12,euro,4cc7c93407513bbbd3a63755809924b5
2026/07/28-16:05:00,GOOG,166.51,12,euro,d731a48f8cdc51a6dae7fb8c7a2493d1
2026/07/28-16:10:00,GOOG,163.80,12,euro,348646ed2142f7e82519bab94c6f4c5e
2026/07/28-16:15:00,GOOG,164.27,12,euro,dab2ff4661424afce475cf6367676238
2026/07/28-16:20:00,GOOG,162.03,12,euro,81fb5d31ddc75f6b3ce17d035519acc7
2026/07/28-16:25:00,GOOG,164.45,12,euro,da05c8feb6a4d866e685d954630aad94
2026/07/28-16:30:00,GOOG,159.82,12,euro,c75c9d05f1a206b6bf31a89f96b8f3de
2026/07/28-16:35:00,GOOG,157.04,12,euro,f646a92ee01391de8c9a3491e6e0abb8
2026/07/28-16:40:00,GOOG,153.02,13,euro,f57f28752f800b63d44cd494c38e5396
2026/07/28-16:45:00,GOOG,155.04,12,euro,6fe6ebd5b6a61ea1d39359299b0e1fbd
2026/07/28-16:50:00,GOOG,151.64,13,euro,4f3051e84c4c49580f3a1bde10903ec9
2026/07/28-16:55:00,GOOG,148.07,13,euro,c10719377f278cdf3689293c7b4c78d8
2026/07/29-09:30:00,GOOG,149.33,13,euro,748a44311c5933364a30c522bb1d7649
2026/07/29-09:35:00,GOOG,148.95,13,euro,0dac4ea1bbd70f7d90f50ae93c3be127
2026/07/29-09:40:00,GOOG,145.47,13,euro,c49ca34803823f79cc5fe60596d429aa
2026/07/29-09:45:00,GOOG,147.02,13,euro,4b2bd5d54760a94739aa402fc98bd5ba
2026/07/29-09:50:00,GOOG,143.30,13,euro,026710d3976fcdd0f140d460f6f4b35d
2026/07/29-09:55:00,GOOG,146.90,13,euro,048a3c5477bf8cce3d840d9ab7aa170e
2026/07/29-10:00:00,GOOG,145.41,13,euro,9ea832ea97b687720b53903799e4088a
2026/07/29-10:05:00,GOOG,147.99,13,euro,e8e6d2dddd4076097da4d80bb974e4cb
2026/07/29-10:10:00,GOOG,150.96,13,euro,0d12c093357ae7f5bb8549476edff60f
2026/07/29-10:15:00,GOOG,150.79,13,euro,5e3e85fbd89668e7a3ff3c73b39126ee
2026/07/29-10:20:00,GOOG,148.51,13,euro,67b71c11305aff76822ad59952c438a1
2026/07/29-10:25:00,GOOG,145.47,13,euro,6355f8ac3569bf97cb036e0b634f35db
2026/07/29-10:30:00,GOOG,145.15,13,euro,b17288abd3237807dbdb0d0d009c8443
2026/07/29-10:35:00,GOOG,144.86,13,euro,2761d3dc61cf453959ade2696c2cdb8a
2026/07/29-10:40:00,GOOG,145.00,13,euro,fd08c3e66a0f59b2b188d8d5e313c345
2026/07/29-10:45:00,GOOG,139.57,14,euro,f2fa3eb8c343200eb6c6c66cd8692b6d
2026/07/29-10:50:00,GOOG,140.84,14,euro,499c41818cd16ff927cd6c79260a331d
2026/07/29-10:55:00,GOOG,143.90,13,euro,0719c80c3791a250b48a1ab162388f26
2026/07/29-11:00:00,GOOG,146.08,13,euro,59732d4a0b9b88b80df69b16e4af6f42
2026/07/29-11:05:00,GOOG,147.66,13,euro,2ce0b9cd3abd7277f22080585ae804c1
2026/07/29-11:10:00,GOOG,147.87,13,euro,513b811970ae8ec65b0347ef51e6fb44
2026/07/29-11:15:00,GOOG,143.46,13,euro,b98d2b3ec79803e28792d7edce7a08a5
2026/07/29-11:20:00,GOOG,144.43,13,euro,7750388820ebf8ad9867ac7853e3177e
2026/07/29-11:25:00,GOOG,146.07,13,euro,73085c0d2c936df8aea40fcfde79946d
2026/07/29-11:30:00,GOOG,145.76,13,euro,a03c8f48f50ad4567e4a17cc36506038
2026/07/29-11:35:00,GOOG,146.25,13,euro,32330abd528611d8585f0d7bb5c01800
2026/07/29-11:40:00,GOOG,146.13,13,euro,a45ab100ef4ecfe82be9848847179ff5
2026/07/29-11:45:00,GOOG,146.02,13,euro,cd7185126b9d1dfffa8c521433bd6bb3
2026/07/29-11:50:00,GOOG,143.55,13,euro,9aedb7fe5902b0809755556c6e63ea24
2026/07/29-11:55:00,GOOG,143.83,13,euro,75dea4ef406b51bd4a5c68a98cc31373
2026/07/29-12:00:00,GOOG,147.98,13,euro,aaaff74fa08d5f77908341b816f016b8
2026/07/29-12:05:00,GOOG,146.79,13,euro,71d8b48b276194389ca1acd14235baf1
2026/07/29-12:10:00,GOOG,146.36,13,euro,4e3be01fa1bb021287e70adde7f0db2c
2026/07/29-12:15:00,GOOG,147.18,13,euro,a78afcaa02ecb12f4ce9bd5b62520f65
2026/07/29-12:20:00,GOOG,147.25,13,euro,48ff012ee8eba550eb0f9a2080ccdab5
2026/07/29-12:25:00,GOOG,148.86,13,euro,53ed76bb2cfc3dec73168590b3ee2f07
2026/07/29-12:30:00,GOOG,152.84,13,euro,a1d02bad985c672a6194e5de7c3b48d5
2026/07/29-12:35:00,GOOG,150.39,13,euro,641a87e41bbc437616010bd8bec2ef6a
2026/07/29-12:40:00,GOOG,151.33,13,euro,d4bd170228b216305ad1bf128c7c7856
2026/07/29-12:45:00,GOOG,148.63,13,euro,169d7fab4d9f0b8da69e614bf20a7072
2026/07/29-12:50:00,GOOG,150.92,13,euro,c82544f794dd8dca42b626174a500540
2026/07/29-12:55:00,GOOG,152.52,13,euro,214984f4d749801a1df92efebe84de4b
2026/07/29-13:00:00,GOOG,150.98,13,euro,6fac3286846704c95ac3425bbe6b3b13
2026/07/29-13:05:00,GOOG,154.70,12,euro,567631b948291489befea451f3e8375b
2026/07/29-13:10:00,GOOG,156.55,12,euro,ccda45555a6c8ded12e413474b2e912e
2026/07/29-13:15:00,GOOG,159.96,12,euro,140f6805e43d885ae3f231f55d392314
2026/07/29-13:20:00,GOOG,158.18,12,euro,c15165a8935d15350b4c88baca6fe57b
2026/07/29-13:25:00,GOOG,158.65,12,euro,284dbf131c4147e2995ae3af4f2776f1
2026/07/29-13:30:00,GOOG,157.81,12,euro,bcff9ff198dcbb56c7fa8c9bd58bb1b2
2026/07/29-13:35:00,GOOG,160.10,12,euro,3a762f329cd8eec46d161c5c048e7f1b
2026/07/29-13:40:00,GOOG,159.40,12,euro,f069d59741881c52f8003ed58e6e0265
2026/07/29-13:45:00,GOOG,156.70,12,euro,e157fa573854f9020b03775d8658fceb
2026/07/29-13:50:00,GOOG,156.11,12,euro,f2882260ea9a56bdfce35863d51d8476
2026/07/29-13:55:00,GOOG,155.61,12,euro,d866c442d02d2caef8436ce836b7e347
2026/07/29-14:00:00,GOOG,158.63,12,euro,2085a0d85593f85d77d76f0597589bad
2026/07/29-14:05:00,GOOG,157.13,12,euro,a90f8c77810ca10c6b65d93d86823409
2026/07/29-14:10:00,GOOG,155.58,12,euro,479a370591487816fb1d2d883d02a527
2026/07/29-14:15:00,GOOG,154.17,12,euro,94ed835029e292c75778d679a0ba9e51
2026/07/29-14:20:00,GOOG,153.07,13,euro,43f57f804090e8ec9fd4b08cc30594e6
2026/07/29-14:25:00,GOOG,149.59,13,euro,41612c81604e4625edb0e1ea94433fa5
2026/07/29-14:30:00,GOOG,153.20,13,euro,b82b9c33ce4476bfbb10775c71d02deb
2026/07/29-14:35:00,GOOG,154.40,12,euro,67d58ad2cd1d7846f8398cd0127a7ede
2026/07/29-14:40:00,GOOG,152.58,13,euro,4e97674357f1de76ca060d2a78b6a227
2026/07/29-14:45:00,GOOG,149.61,13,euro,3cbc173e6ff119ef25e9b2837b14c875
2026/07/29-14:50:00,GOOG,149.90,13,euro,acc03fe4e3600e192466375a8fd3561b
2026/07/29-14:55:00,GOOG,143.85,13,euro,60d09ab4a85345ea7fb8ee6a4b1e18d6
2026/07/29-15:00:00,GOOG,142.31,14,euro,9cc1a43ef062935cf2a4e9aea269a1b5
2026/07/29-15:05:00,GOOG,144.00,13,euro,d66f07ba92ee79b6940a29b7224c5d5a
2026/07/29-15:10:00,GOOG,144.50,13,euro,3a11487f54d3877f5ed5f52a3cac91ee
2026/07/29-15:15:00,GOOG,146.20,13,euro,a2e91009c8166e2c05262690e42da1c7
2026/07/29-15:20:00,GOOG,145.48,13,euro,01ffc39a2f5997efad4abe1fcfaac1c7
2026/07/29-15:25:00,GOOG,143.37,13,euro,ebada53a8a141f51f2e1822628c22b83
2026/07/29-15:30:00,GOOG,140.89,14,euro,bd437f61fe30a7ab54ca8f0031debba3
2026/07/29-15:35:00,GOOG,141.56,14,euro,9841c24fa7d7be54e1ec09697ef7287a
2026/07/29-15:40:00,GOOG,143.70,13,euro,53a93a1d5933e8833ff6f952508f81cb
2026/07/29-15:45:00,GOOG,141.88,14,euro,41fc043e335f7b57af797dfa6b79d378
2026/07/29-15:50:00,GOOG,140.31,14,euro,8c70c2d2097a6341fc18196432a94a1f
2026/07/29-15:55:00,GOOG,143.27,13,euro,7407d2b25fc8a51c1d2e8999e41c39c3
2026/07/29-16:00:00,GOOG,143.86,13,euro,a883bae7236385497e8d767143503cee
2026/07/29-16:05:00,GOOG,145.32,13,euro,90baec0081795918aadb1ccb21452995
2026/07/29-16:10:00,GOOG,143.02,13,euro,cc72aaf5c70b183529f7df10a0c31fbc
2026/07/29-16:15:00,GOOG,142.31,14,euro,2896c8b03c8ca4aa47730cb9483fad40
2026/07/29-16:20:00,GOOG,136.44,14,euro,4ac94909fce951ccd2ab636ef9b969dc
2026/07/29-16:25:00,GOOG,135.16,14,euro,d5cf453852bd04b1858025ead42cda52
2026/07/29-16:30:00,GOOG,135.74,14,euro,9a2cf225b917ec5bb2f91e78117cb7e3
2026/07/29-16:35:00,GOOG,133.62,14,euro,747bb719a486b7fe1f37d332fbfed02e
2026/07/29-16:40:00,GOOG,132.98,15,euro,6f0e080557f202bc5b6de8020fc4cc19
2026/07/29-16:45:00,GOOG,131.04,15,euro,3e1e8b4c067df59fd97342929c5f9ee6
2026/07/29-16:50:00,GOOG,130.74,15,euro,4837ee22a053b8154c6db63e528223b2
2026/07/29-16:55:00,GOOG,129.03,15,euro,ed7b855bc707dfde3984cb5b84280adc
2026/07/30-09:30:00,GOOG,124.60,16,euro,8299c6eec5295f3a83a17f596f0051e0
2026/07/30-09:35:00,GOOG,122.86,16,euro,5a234ea9f921b46ae34f6ca0c4d56de1
2026/07/30-09:40:00,GOOG,119.67,16,euro,0629c9c02ec8d1532457a1d42155c8d1
2026/07/30-09:45:00,GOOG,120.55,16,euro,b340f845332cf13b5857e5452060c709
2026/07/30-09:50:00,GOOG,121.20,16,euro,67acde74c287b3adceed80a243e47388
2026/07/30-09:55:00,GOOG,121.28,16,euro,5b7584f3190af0fec3762ec6814372df
2026/07/30-10:00:00,GOOG,121.81,16,euro,8bd06dc342420eafd3c1322d72194931
2026/07/30-10:05:00,GOOG,117.73,16,euro,6c67a8d7b40dacc0bed57090935f5add
2026/07/30-10:10:00,GOOG,119.63,16,euro,99808db9318fe8385cb9c4c4d23579db
2026/07/30-10:15:00,GOOG,122.30,16,euro,abca9cdd52748c22fec6d4c96eadee78
2026/07/30-10:20:00,GOOG,123.45,16,euro,0b11ff972a89f3f4a04100ec50467671
2026/07/30-10:25:00,GOOG,124.07,16,euro,b88717e8b30a5b381dff38c82505e3b6
2026/07/30-10:30:00,GOOG,123.23,16,euro,5778f02db24c3ea64eea2d695178810c
2026/07/30-10:35:00,GOOG,123.05,16,euro,d6416ba343489b66a9671cd6bec60b6c
2026/07/30-10:40:00,GOOG,123.90,16,euro,6948a5f70a7a32e9ae0c78160d2cc544
2026/07/30-10:45:00,GOOG,122.43,16,euro,d29d3933e4b8d68ed9b0d967f9c8b1bc
2026/07/30-10:50:00,GOOG,123.32,16,euro,c9df47e2ab78951d8c59051071f39d8b
2026/07/30-10:55:00,GOOG,125.82,15,euro,b628c23d06f18ae6cad1bf7845a8797a
2026/07/30-11:00:00,GOOG,126.56,15,euro,585f98ae12c625617c3b42e40832fad3
2026/07/30-11:05:00,GOOG,129.03,15,euro,1c386b2d56186fae98a0bcc88c53d2bc
2026/07/30-11:10:00,GOOG,126.67,15,euro,e8377d63a591bb0bbe72c527e4087299
2026/07/30-11:15:00,GOOG,121.90,16,euro,97c723c398c5dfeda729f38e91bd45b7
2026/07/30-11:20:00,GOOG,123.12,16,euro,32dce0c43c1c4d56b926d9a97132fd8f
2026/07/30-11:25:00,GOOG,125.10,15,euro,a2f8f541f268464fa394f513b4c41470
2026/07/30-11:30:00,GOOG,126.14,15,euro,ca9dcc64e3ff94b5902af94811300dc2
2026/07/30-11:35:00,GOOG,129.31,15,euro,8cc078059c14f0bba40e7576ca987849
2026/07/30-11:40:00,GOOG,126.82,15,euro,acba8e5412add76e15a9d5ba563a3914
2026/07/30-11:45:00,GOOG,123.91,16,euro,1a8d5d936f9d06cb196633e08773d1c6
2026/07/30-11:50:00,GOOG,122.30,16,euro,0c12b65065f4162a5ff77d8b93eb73ad
2026/07/30-11:55:00,GOOG,121.78,16,euro,ec35291c6f34d4c1baf64b2ad0aff9ba
2026/07/30-12:00:00,GOOG,121.18,16,euro,0dc9e6921464b16f39862cca703f60b0
2026/07/30-12:05:00,GOOG,119.70,16,euro,55324495bc54361ee17038a5a709e6b3
2026/07/30-12:10:00,GOOG,117.85,16,euro,96dd9b75977bab17fb2e1c54db26d852
2026/07/30-12:15:00,GOOG,116.31,17,euro,ce9bc309db971f73919400ca49a4a429
2026/07/30-12:20:00,GOOG,117.75,16,euro,b1afc5bf7754083e54d681e54417e02b
2026/07/30-12:25:00,GOOG,117.96,16,euro,8af0a1997ee00a71dfd419d54c5375ae
2026/07/30-12:30:00,GOOG,119.12,16,euro,16a3a44c31bf5b0ba0ac2f5cebc081e0
2026/07/30-12:35:00,GOOG,115.97,17,euro,047cc9603dbedb090e8463f6af146a19
2026/07/30-12:40:00,GOOG,116.71,17,euro,bc998afd819a1b760ac54de4138c6367
2026/07/30-12:45:00,GOOG,118.26,16,euro,8ea117215f486d5b56f30e9caa584a3e
2026/07/30-12:50:00,GOOG,116.75,17,euro,f25d4e4e82cfe766d1d2f09252a5c2e3
2026/07/30-12:55:00,GOOG,115.57,17,euro,4d955afcf2f413a6abbda899c0b58bf1
2026/07/30-13:00:00,GOOG,114.84,17,euro,a28cdcdefc9da104fd01d751ad9e666a
2026/07/30-13:05:00,GOOG,116.95,17,euro,75a3072c38a9aa44c7063d04be359f02
2026/07/30-13:10:00,GOOG,116.49,17,euro,39a025f428685b28d22046415612fc8f
2026/07/30-13:15:00,GOOG,112.84,17,euro,d15ce58dff7426b442dd2bbc8f329ec6
2026/07/30-13:20:00,GOOG,111.32,17,euro,af9ec861cbdabb60690a267af3f18c57
2026/07/30-13:25:00,GOOG,110.50,18,euro,1ab091d095620a4b626d327f64306908
2026/07/30-13:30:00,GOOG,108.76,18,euro,6c7982f427541f964f82c03752938d77
2026/07/30-13:35:00,GOOG,108.37,18,euro,2468cad76fb35e5e1c97faab3c773dfb
2026/07/30-13:40:00,GOOG,112.44,17,euro,eed5f945b46e48c02eb9c6c02473b44a
2026/07/30-13:45:00,GOOG,116.25,17,euro,3a0607c06726c21d17784dd872824900
2026/07/30-13:50:00,GOOG,115.28,17,euro,a0d8962e65d158e9783cf606f4baaecf
2026/07/30-13:55:00,GOOG,114.40,17,euro,5917a66c0b27b64bca4936ac7bb19c67
2026/07/30-14:00:00,GOOG,113.68,17,euro,517d5cfea9020dbfdf0bfa7c66fd59c1
2026/07/30-14:05:00,GOOG,113.22,17,euro,99770710ad57d7c8cdc79e554ff29c4b
2026/07/30-14:10:00,GOOG,113.93,17,euro,14f0ca2025661bd404ded0aa8fe1d32b
2026/07/30-14:15:00,GOOG,114.92,17,euro,789e2f8b5c4cfc3afd0d92bf3111b2e9
2026/07/30-14:20:00,GOOG,115.81,17,euro,5fbe04c4093f998f72fd925bdf289480
2026/07/30-14:25:00,GOOG,114.31,17,euro,bc08ee7824dc1918f8d261ab5c358a37
2026/07/30-14:30:00,GOOG,112.10,17,euro,454524ef07c9aa9a4e81f613e2eee137
2026/07/30-14:35:00,GOOG,112.20,17,euro,d04218b52b7d5e6d60cb7c7fc359e86d
2026/07/30-14:40:00,GOOG,116.83,17,euro,c2d82230902fd62a94ae6c41d63dd1d6
2026/07/30-14:45:00,GOOG,117.57,17,euro,e10e6c091a3a6c7af016553d208970a2
2026/07/30-14:50:00,GOOG,119.40,16,euro,f42cddd546368eab311e41b7d9d71fe8
2026/07/30-14:55:00,GOOG,118.40,16,euro,1ef9ddeaeaaa636d840b9986db2c1637
2026/07/30-15:00:00,GOOG,117.49,17,euro,a2260e0f6c1d2b7797b1431fd60d3a94
2026/07/30-15:05:00,GOOG,113.91,17,euro,092da87fe6f079580ba071675be44833
2026/07/30-15:10:00,GOOG,115.17,17,euro,b263640c8f04e93cd5d0f68d8044290b
2026/07/30-15:15:00,GOOG,116.44,17,euro,87f8a836a3f74abaddecf61a3e7623e9
2026/07/30-15:20:00,GOOG,118.04,16,euro,09d52cb2575b68836f6c91d22cd70ba9
2026/07/30-15:25:00,GOOG,114.85,17,euro,99b0c260f2d237a678cb603e71bb3d46
2026/07/30-15:30:00,GOOG,114.98,17,euro,c8e009680c1dc61d4a39b9684de90590
2026/07/30-15:35:00,GOOG,114.57,17,euro,bb322fd43ca684da6a1c69a4f4cbf513
2026/07/30-15:40:00,GOOG,114.23,17,euro,91baabe01f17e988769ca7aff8da417b
2026/07/30-15:45:00,GOOG,113.52,17,euro,115663cbc60c19adcc1bef432345ba2d
2026/07/30-15:50:00,GOOG,114.83,17,euro,32edd5fba2acddcc6999f20378431d21
2026/07/30-15:55:00,GOOG,114.70,17,euro,8595b6639835c29c3141260347e4c4c4
2026/07/30-16:00:00,GOOG,117.56,17,euro,e36336f451967af3852553fcc072f163
2026/07/30-16:05:00,GOOG,117.15,17,euro,54bacf2dac1e42be8ce16ac0e885d035
2026/07/30-16:10:00,GOOG,117.50,17,euro,6e9c476e6dea9548ec3b22094f09235e
2026/07/30-16:15:00,GOOG,120.89,16,euro,bbac344988b7821369af50c21bf84ee7
2026/07/30-16:20:00,GOOG,120.92,16,euro,98a8b340b0ff548c6ee920e13b44ae98
2026/07/30-16:25:00,GOOG,121.78,16,euro,562a6507504390a6e5095c0e25d3210e
2026/07/30-16:30:00,GOOG,119.86,16,euro,898e40704ef815f129441b62fbb50033
2026/07/30-16:35:00,GOOG,121.11,16,euro,a08f4c527d2fa5e704ce67d9824cacf6
2026/07/30-16:40:00,GOOG,123.59,16,euro,2f7b5cd1b9023a5df5bb7c3a957a2311
2026/07/30-16:45:00,GOOG,122.13,16,euro,24442c23385e8d34f7c8e4cd285c6650
2026/07/30-16:50:00,GOOG,121.38,16,euro,621d7644f3cba3f2990dbfd0b4582358
2026/07/30-16:55:00,GOOG,120.06,16,euro,95e4af3c1a7d329d07fcff5116853884
2026/07/31-09:30:00,GOOG,118.12,16,euro,19feddc6c0403c9e1b4df7636df5a391
2026/07/31-09:35:00,GOOG,116.63,17,euro,2d20b222dd6791bdc492240cd01a437e
2026/07/31-09:40:00,GOOG,116.34,17,euro,2e1103466f74f095d03f02ea044f5e96
2026/07/31-09:45:00,GOOG,117.26,17,euro,1c675998f62f941a4ff4326d513edd30
2026/07/31-09:50:00,GOOG,115.67,17,euro,b69fe9f38ec45356293cc3bc35040ecd
2026/07/31-09:55:00,GOOG,115.20,17,euro,90480d1e5f130c3f84e1f5856f491311
2026/07/31-10:00:00,GOOG,114.30,17,euro,9f48082796f743001b8fd5d27ec8e794
2026/07/31-10:05:00,GOOG,111.28,17,euro,af822f89689e83234ffef2e7cdec26f4
2026/07/31-10:10:00,GOOG,110.83,18,euro,69b83bfe02ebdb8f2a2e803a2529b03f
2026/07/31-10:15:00,GOOG,108.62,18,euro,8e5386b38ecc620ba5ea7365d21430d2
2026/07/31-10:20:00,GOOG,113.60,17,euro,6a142e7b466f2aaae8495945a55e35b6
2026/07/31-10:25:00,GOOG,110.77,18,euro,1bb5f5bf2d64b064dae78df1fef88947
2026/07/31-10:30:00,GOOG,111.22,17,euro,a614db100d825f8dfd9d5809a8de408b
2026/07/31-10:35:00,GOOG,110.55,18,euro,8df048da8bb0caa2119adcb76aca3755
2026/07/31-10:40:00,GOOG,110.01,18,euro,b94cb9027a8056a5d21e8551d18b20e6
2026/07/31-10:45:00,GOOG,106.94,18,euro,4b6b3f1aee6d2c1633dbe39b284de46a
2026/07/31-10:50:00,GOOG,109.07,18,euro,f8346cf758851824699e3155961f38b3
2026/07/31-10:55:00,GOOG,109.72,18,euro,23489ec962510f0fc4f52a3187364c81
2026/07/31-11:00:00,GOOG,109.63,18,euro,48bc0ef840f0f453878192ff35d5046d
2026/07/31-11:05:00,GOOG,108.70,18,euro,cc45fced708c5ff25a8827c53fcdab56
2026/07/31-11:10:00,GOOG,107.57,18,euro,c5f0c11d7942f3e3d921f36ee31ba236
2026/07/31-11:15:00,GOOG,108.33,18,euro,5f10702bc944ee63900371806237995c
2026/07/31-11:20:00,GOOG,107.97,18,euro,080166b1b588d679d7f9036fe60a55a0
2026/07/31-11:25:00,GOOG,109.11,18,euro,303d898b61e33b0a012fbf77e8deac60
2026/07/31-11:30:00,GOOG,107.69,18,euro,51d35f424f0ab2ea04036c9fddc73169
2026/07/31-11:35:00,GOOG,106.29,18,euro,60dc6eaaa735c7a6bd6bb48ade4d2dc2
2026/07/31-11:40:00,GOOG,104.25,19,euro,14c5785cd6519c7e3d138e7bd6cc1998
2026/07/31-11:45:00,GOOG,103.51,19,euro,474aee3c651dd8d24b3303c2de9e70a0
2026/07/31-11:50:00,GOOG,108.51,18,euro,5ff8cf64f0ce0756e95603d05c06ffbd
2026/07/31-11:55:00,GOOG,108.66,18,euro,6f9f2934711d22e5ef06d959684fc071
2026/07/31-12:00:00,GOOG,111.26,17,euro,7f95f860719094d4bd58a4071f0b4c23
2026/07/31-12:05:00,GOOG,110.23,18,euro,6b7a0883f79d4ff4a8646794186e4a85
2026/07/31-12:10:00,GOOG,110.44,18,euro,3b7f58fc40e4d7cd3c98f66f129d65e9
2026/07/31-12:15:00,GOOG,108.34,18,euro,55374eddb4db190fa37efbf70fafbfe0
2026/07/31-12:20:00,GOOG,109.55,18,euro,ddcca484ca94e3a061ac01e29fed2884
2026/07/31-12:25:00,GOOG,109.43,18,euro,11aba539d820f05a130cd37b077db14c
2026/07/31-12:30:00,GOOG,107.87,18,euro,8973b3b513e1196bb326319e16aacfff
2026/07/31-12:35:00,GOOG,106.22,18,euro,81f21d1d5355a0d5152a568bf50ea5fa
2026/07/31-12:40:00,GOOG,108.78,18,euro,5cc065c1867727f3e6b1cd6cf68722d3
2026/07/31-12:45:00,GOOG,109.26,18,euro,d6131ca800b0f57c9eb8107f2eb67c7c
2026/07/31-12:50:00,GOOG,110.33,18,euro,74e6ea9dfabb2b448814ba9164cbe0d1
2026/07/31-12:55:00,GOOG,112.24,17,euro,41bb295ffcbc9a36c23062ea36863ff2
2026/07/31-13:00:00,GOOG,112.91,17,euro,e7388cd35a0628bab1b177e702a9ded0
2026/07/31-13:05:00,GOOG,110.79,18,euro,19006afd058765b6a2a33ac54e376706
2026/07/31-13:10:00,GOOG,107.58,18,euro,ef4a9e363d2366c8bda9ff96f48fdd55
2026/07/31-13:15:00,GOOG,105.68,18,euro,1f9a9020da1a8c3b653ad64d418d796e
2026/07/31-13:20:00,GOOG,106.72,18,euro,55dc509be013f57acbf1b3f34c7da29f
2026/07/31-13:25:00,GOOG,103.83,19,euro,519619ca71cc46759070cc53dedbf274
2026/07/31-13:30:00,GOOG,102.69,19,euro,5f990181692d39108d89a260d8320b15
2026/07/31-13:35:00,GOOG,99.89,20,euro,b75c6e64cf181211c1ed9944417c9b21
2026/07/31-13:40:00,GOOG,102.11,19,euro,d754e55224a30b95e902505b7a80a64c
2026/07/31-13:45:00,GOOG,102.15,19,euro,0d2cb865af43e3a0b85ffec32b0e5a78
2026/07/31-13:50:00,GOOG,102.61,19,euro,b8d066fb6a4ce19ff302d19a9f84d1a7
2026/07/31-13:55:00,GOOG,101.36,19,euro,d51bb27177a3bb9d76ae43bb24cac6da
2026/07/31-14:00:00,GOOG,100.97,19,euro,8d689ee4e92d963d9914a8ae863a5b7a
2026/07/31-14:05:00,GOOG,99.11,20,euro,20987bcd91ce43ff5a690717b277cc4b
2026/07/31-14:10:00,GOOG,98.93,20,euro,a72b6a91a6be80a483c84984ef052c3d
2026/07/31-14:15:00,GOOG,99.29,20,euro,956b2392f4bd0e42c13f21db116c386a
2026/07/31-14:20:00,GOOG,97.67,20,euro,abe77105c63139496318aaae39f7b4de
2026/07/31-14:25:00,GOOG,98.16,20,euro,7d4c852770f35b8e60b3e094f2a96d0c
2026/07/31-14:30:00,GOOG,98.84,20,euro,074cf4193514ac2f39b57cc5afe19960
2026/07/31-14:35:00,GOOG,98.14,20,euro,5c77dd7e2102579a0ab74de325f2e5b2
2026/07/31-14:40:00,GOOG,99.25,20,euro,f2b492382acd64b5f7c211739eb4ed8b
2026/07/31-14:45:00,GOOG,101.38,19,euro,0575b0f1db9647b8af13ff24c25f6a81
2026/07/31-14:50:00,GOOG,101.22,19,euro,594b0853178aaacb793ee8aa30789987
2026/07/31-14:55:00,GOOG,98.75,20,euro,5d442cdf4971fe60bcd5cbeb04bf4728
2026/07/31-15:00:00,GOOG,100.79,19,euro,652f0d928cbd7e4718d599f60fb600ec
2026/07/31-15:05:00,GOOG,103.44,19,euro,498f9fbb438aea6ecb04e924df5f732a
2026/07/31-15:10:00,GOOG,104.09,19,euro,d4b788316d4d9a2a6937232423b4960b
2026/07/31-15:15:00,GOOG,105.03,19,euro,19cd622bf9ed19fa66121cef13e3f275
2026/07/31-15:20:00,GOOG,106.41,18,euro,ccff018509ccca4ea29e177446148833
2026/07/31-15:25:00,GOOG,103.21,19,euro,ef2970e0c3ca58ccedf04507495496de
2026/07/31-15:30:00,GOOG,102.35,19,euro,9b4fa8081d65273be4b3e70389c0d20f
2026/07/31-15:35:00,GOOG,104.06,19,euro,8233a2781afbbe5da32e10780b27a60c
2026/07/31-15:40:00,GOOG,103.60,19,euro,4e664ce40d1c08bd82dafdd3c07d9f90
2026/07/31-15:45:00,GOOG,100.87,19,euro,90e48e2afdd1346d66f4bc975aba6fb5
2026/07/31-15:50:00,GOOG,100.05,19,euro,6ad403cf8b3fc1870fc977a6d29d45de
2026/07/31-15:55:00,GOOG,99.79,20,euro,26e813fff6d7e863fe7eb8a023470997
2026/07/31-16:00:00,GOOG,102.93,19,euro,5f02ec578c8ec105c201973a544d89cf
2026/07/31-16:05:00,GOOG,104.83,19,euro,f08f6ec630294c6c23b1ccdccaa6ccaf
2026/07/31-16:10:00,GOOG,106.63,18,euro,4a94f41816ac52c373ed46dac85c49cf
2026/07/31-16:15:00,GOOG,107.70,18,euro,ba2b7ab648416461e1a348d86901e05d
2026/07/31-16:20:00,GOOG,109.57,18,euro,f0c79746eb260c5cc50c73a755204e41
2026/07/31-16:25:00,GOOG,112.33,17,euro,adab695d253460f5ac32d854074011fb
2026/07/31-16:30:00,GOOG,113.23,17,euro,f34228aa158741b2836b1a9b6843fe59
2026/07/31-16:35:00,GOOG,112.73,17,euro,7520886073cc85030add5185cbace3db
2026/07/31-16:40:00,GOOG,110.48,18,euro,64162f4950a3703dd7f3b939a94314e0
2026/07/31-16:45:00,GOOG,108.35,18,euro,24bf1400c5297a56f590a7df1115e4c5
2026/07/31-16:50:00,GOOG,107.08,18,euro,425c48caaf2fab8febe79942f0b7943a
2026/07/31-16:55:00,GOOG,108.86,18,euro,76cc96a640a85108c4d121a47fab3e14
2026/08/01-09:30:00,GOOG,109.44,18,euro,48c203861bf20521063b56ef1473622b
2026/08/01-09:35:00,GOOG,108.47,18,euro,a7eb4a409c6875f424e32138aaf15ab8
2026/08/01-09:40:00,GOOG,110.09,18,euro,04d123d4596cf5c18f3c482feacdfeca
2026/08/01-09:45:00,GOOG,110.93,18,euro,63e966ca1e07579ce97ce96ac085ff39
2026/08/01-09:50:00,GOOG,110.60,18,euro,aacbc5d959fe93b6d7de2f41bcbaa528
2026/08/01-09:55:00,GOOG,112.46,17,euro,1db77e171926ace5882a4b67dab65633
2026/08/01-10:00:00,GOOG,111.18,17,euro,9f57ba2eed3b4cb54742afdfb6a720e8
2026/08/01-10:05:00,GOOG,111.52,17,euro,a32ef84cab0eb0b79b94acacc5902c2a
2026/08/01-10:10:00,GOOG,110.71,18,euro,ab3243f57506c842906d5451495f13ca
2026/08/01-10:15:00,GOOG,113.46,17,euro,54bf992dc3dd6b4468b3082d3fb0619b
2026/08/01-10:20:00,GOOG,112.73,17,euro,ccccf3f28390f27828b1e842d47a52eb
2026/08/01-10:25:00,GOOG,111.44,17,euro,d7fcf21e8e0e0500bcdc938bcdd2d76a
2026/08/01-10:30:00,GOOG,110.59,18,euro,7ca3daed3c6da26fa3ac6c9079fb339a
2026/08/01-10:35:00,GOOG,108.79,18,euro,424ebfe6925ab96d517e93a87f43050a
2026/08/01-10:40:00,GOOG,109.78,18,euro,14cae0e139174ae7bd43adcbbe5b63a6
2026/08/01-10:45:00,GOOG,108.80,18,euro,21e69e9fd0cbc42710578b529ffb9a2e
2026/08/01-10:50:00,GOOG,109.36,18,euro,c973bd9d6b4c9fe193b33e6021a2dfc2
2026/08/01-10:55:00,GOOG,110.11,18,euro,68f9dfff3b7934bce46d19168434bde9
2026/08/01-11:00:00,GOOG,110.00,18,euro,3ea0a289f651ce7d1f64b98916392a89
2026/08/01-11:05:00,GOOG,110.97,18,euro,1cb866bacd6251b6579265244fdb9297
2026/08/01-11:10:00,GOOG,112.64,17,euro,a55b5cc2496574da42c7b6562525dc12
2026/08/01-11:15:00,GOOG,110.52,18,euro,98b95b632ba4074b0710e502ed17c515
2026/08/01-11:20:00,GOOG,111.57,17,euro,327e442715831e421c6d4c29ad0abaa9
2026/08/01-11:25:00,GOOG,109.00,18,euro,41024c5c24f3ab7dc2d5ab1effcd6eaa
2026/08/01-11:30:00,GOOG,110.29,18,euro,b93b2003854b5669a2a8175048d33a7d
2026/08/01-11:35:00,GOOG,108.34,18,euro,a19ba10fa89762c330c5af3d5d5d58f8
2026/08/01-11:40:00,GOOG,109.40,18,euro,6315733c9dc54dfa1dd7f4a417c38f9a
2026/08/01-11:45:00,GOOG,109.17,18,euro,43bc18ce25c3263fd2fda8e14e6bff73
2026/08/01-11:50:00,GOOG,109.90,18,euro,f5780f847fa23ab10be8aee8c3ff754f
2026/08/01-11:55:00,GOOG,112.63,17,euro,4359631d866b63c211586cc7bd1f4ddf
2026/08/01-12:00:00,GOOG,116.18,17,euro,6c61aaed35d1afc40d4819e6e938a666
2026/08/01-12:05:00,GOOG,116.47,17,euro,ce899c9be88deab9b30b4169504941ff
2026/08/01-12:10:00,GOOG,116.76,17,euro,ff71e406cf7504910254f3f5fa01200a
2026/08/01-12:15:00,GOOG,115.35,17,euro,0b3a6534b6e7c8a3fc7b58a447ac89eb
2026/08/01-12:20:00,GOOG,116.71,17,euro,c9ac5fc833bb702ef2963f254763f9f4
2026/08/01-12:25:00,GOOG,117.35,17,euro,7099fa6af5c9144cc96b75aa17e5e374
2026/08/01-12:30:00,GOOG,115.21,17,euro,f448a50bbe27a954d83386175a576983
2026/08/01-12:35:00,GOOG,117.32,17,euro,8abfb77b5af1031e6fef29a32ca259f6
2026/08/01-12:40:00,GOOG,118.24,16,euro,a9bff256263de75a9080dba58d98b71e
2026/08/01-12:45:00,GOOG,115.42,17,euro,0f7bfa748b3e80c19b48ac5bc8cab199
2026/08/01-12:50:00,GOOG,115.05,17,euro,fb074f33336505c777c891244ad72db3
2026/08/01-12:55:00,GOOG,116.18,17,euro,a2e418e924d33ed7bd3fb15073daf09a
2026/08/01-13:00:00,GOOG,115.66,17,euro,b293ed960c487e960f3362d14e29a47d
2026/08/01-13:05:00,GOOG,116.40,17,euro,aae48e38bcb48417e6f323160a64b8ef
2026/08/01-13:10:00,GOOG,116.60,17,euro,ddcd860ca57f34c4b5c0f2a89e650604
2026/08/01-13:15:00,GOOG,119.51,16,euro,b75f41090a8ea3a267a868d89881292b
2026/08/01-13:20:00,GOOG,121.87,16,euro,1dbf6018c44f2f56d91f03447fe5701e
2026/08/01-13:25:00,GOOG,125.92,15,euro,216e6f935832a67591391fca8d57c8ae
2026/08/01-13:30:00,GOOG,125.79,15,euro,ac94cb503a03d015b602dab16ac5986a
2026/08/01-13:35:00,GOOG,124.59,16,euro,f5e1df18149c2c138b4d227fd8f39f8a
2026/08/01-13:40:00,GOOG,123.40,16,euro,75add3ac3f4ac9b57b326f7a379c2584
2026/08/01-13:45:00,GOOG,120.67,16,euro,936280049150db7b72e03f2ff0d602fb
2026/08/01-13:50:00,GOOG,115.70,17,euro,b8c65d036dd3aedf1bf71e90647a19a3
2026/08/01-13:55:00,GOOG,113.30,17,euro,9d739fd35b5203f536ffad6965cebbc9
2026/08/01-14:00:00,GOOG,113.32,17,euro,5c74d8223d638d0cb5ec5a5cf7346541
2026/08/01-14:05:00,GOOG,109.11,18,euro,945cdc736bb33647f996168eed291a78
2026/08/01-14:10:00,GOOG,109.37,18,euro,ab5bc11e33d14a922a3b5f76acca02d8
2026/08/01-14:15:00,GOOG,107.36,18,euro,93d8a8b66a94a5ff17c4c2f65b55eaef
2026/08/01-14:20:00,GOOG,107.34,18,euro,d97e941ce3b1c9cd7f2a0cf67a43980d
2026/08/01-14:25:00,GOOG,109.84,18,euro,efdfeea12c4d504e6fe7414fab26ed9b
2026/08/01-14:30:00,GOOG,112.75,17,euro,24940ce27d36889d74baebfe55814995
2026/08/01-14:35:00,GOOG,114.48,17,euro,fa98e940fc3e9c1cc604e76d2bd792a7
2026/08/01-14:40:00,GOOG,113.86,17,euro,1267288ed9985cbae734e0227eda15c2
2026/08/01-14:45:00,GOOG,116.40,17,euro,f95bd0f09cf7cb54f9b1f8d42d029258
2026/08/01-14:50:00,GOOG,116.80,17,euro,1ef2acc1281fa97565d3f8693fa5fc01
2026/08/01-14:55:00,GOOG,115.55,17,euro,74d53ab4b04e3b4f9d9e40208e668601
2026/08/01-15:00:00,GOOG,117.41,17,euro,d6842bdd01fe8dca5c3f0ef062be3221
2026/08/01-15:05:00,GOOG,116.74,17,euro,255ac16db5a59b3d17c48ca564734233
2026/08/01-15:10:00,GOOG,116.50,17,euro,f212d1b65120cf3bcfbc2a39b155f513
2026/08/01-15:15:00,GOOG,118.37,16,euro,1eec430bdfd2c51f68a0d01f6a6eb778
2026/08/01-15:20:00,GOOG,116.52,17,euro,f307fc96ec6ca484c6fdd8606c88be92
2026/08/01-15:25:00,GOOG,115.65,17,euro,0888c1db46be0400fe8a151e1d6324a2
2026/08/01-15:30:00,GOOG,116.43,17,euro,e52a2a7c12f860c3855d05f404e23a78
2026/08/01-15:35:00,GOOG,119.78,16,euro,24bc5b6cb819dfd4d117557143c8fcf3
2026/08/01-15:40:00,GOOG,118.83,16,euro,859b8283b3cb58e836d2003b02226d76
2026/08/01-15:45:00,GOOG,116.56,17,euro,3ab73bd49f9932e95a12f77c5757bea6
2026/08/01-15:50:00,GOOG,119.66,16,euro,e5f5fe5eb1caa58dfcf3e13ebe8cf543
2026/08/01-15:55:00,GOOG,119.77,16,euro,253ecbac61805b3924c2d1ff2a46b266
2026/08/01-16:00:00,GOOG,120.72,16,euro,8c846366ae30b397a730c5e9fb3afd6e
2026/08/01-16:05:00,GOOG,121.30,16,euro,2e40d7571847a12b0ed1d5b64ffee8e6
2026/08/01-16:10:00,GOOG,114.94,17,euro,09cda0db6177a6b04561b4f2ed5cd2d2
2026/08/01-16:15:00,GOOG,116.19,17,euro,e03e83a532701175b26bfcef57e8d0c0
2026/08/01-16:20:00,GOOG,115.19,17,euro,87e18d3bc0122268aa2de785216d89c2
2026/08/01-16:25:00,GOOG,117.16,17,euro,32bc1806485bd7435f79b876d05d778e
2026/08/01-16:30:00,GOOG,115.51,17,euro,caac8c0adfe33d28e54d7c8f61b23546
2026/08/01-16:35:00,GOOG,115.10,17,euro,cafcbbb54a9cc6377d5f9a06124401bd
2026/08/01-16:40:00,GOOG,112.99,17,euro,6577a27730d0d2b7fd88d6b58db1612f
2026/08/01-16:45:00,GOOG,113.84,17,euro,604a911f45bf8cf30d262d751c7e068a
2026/08/01-16:50:00,GOOG,114.25,17,euro,1155e83461fb83c057287a303fe846bc
2026/08/01-16:55:00,GOOG,113.12,17,euro,b0d589bf304e949edfd4a2566c51562d
2026/08/02-09:30:00,GOOG,114.47,17,euro,9c114cc2c6cbdba0cddf60c8590fce7d
2026/08/02-09:35:00,GOOG,111.73,17,euro,ceb91f55ade37ef721f2cd0879082639
2026/08/02-09:40:00,GOOG,114.12,17,euro,a654bf8542182ef9de22a4246024ea91
2026/08/02-09:45:00,GOOG,112.42,17,euro,af1c6a3171e41b7ba479389f700d2d03
2026/08/02-09:50:00,GOOG,114.34,17,euro,62c1e6d93030cf349f42b8dc1360be3f
2026/08/02-09:55:00,GOOG,114.66,17,euro,2da972522824a276d524a52b0813581b
2026/08/02-10:00:00,GOOG,116.15,17,euro,fd1aaf4a29dc0ed3f943723dd284e583
2026/08/02-10:05:00,GOOG,114.78,17,euro,d6324886f7f6b1feb6832c9bc51e82d2
2026/08/02-10:10:00,GOOG,115.34,17,euro,f01b78266fa0416e23fe999f85d31e5b
2026/08/02-10:15:00,GOOG,113.52,17,euro,2d2657e4a40d37e4a0d507286dbb085b
2026/08/02-10:20:00,GOOG,111.98,17,euro,8b203d83c6e049ca5cdf94865b2f23a1
2026/08/02-10:25:00,GOOG,112.16,17,euro,79a5c1b2cb9362dd6001cde93a3510fd
2026/08/02-10:30:00,GOOG,112.53,17,euro,59c865831c334b2ff0be40d6819308e3
2026/08/02-10:35:00,GOOG,114.81,17,euro,e8c898a5fec64eb264ef572b97b92283
2026/08/02-10:40:00,GOOG,112.10,17,euro,aa86cc181b4594a2a7521f44a99bfa01
2026/08/02-10:45:00,GOOG,112.32,17,euro,1136117775b48a91dfe433e1f949a7fb
2026/08/02-10:50:00,GOOG,114.33,17,euro,d36ddf303c286867d470ec9d0c5fd4aa
2026/08/02-10:55:00,GOOG,113.00,17,euro,c689e247e761ddfec61a61691e6a08a4
2026/08/02-11:00:00,GOOG,113.08,17,euro,bae22c8639ac2a75475441fda9ba1ee4
2026/08/02-11:05:00,GOOG,112.67,17,euro,7ecb57b9ec03c7823f12379d9a996872
2026/08/02-11:10:00,GOOG,112.22,17,euro,2b9a4aca7f376f4cda484de2b146eaf6
2026/08/02-11:15:00,GOOG,109.69,18,euro,a931ab3d8d9121eaa3e99bf74cfc0321
2026/08/02-11:20:00,GOOG,106.00,18,euro,c16fc7c761612c556184d679a459e78c
2026/08/02-11:25:00,GOOG,103.84,19,euro,4f3b67d67b0f09a52d1c97ef88735ecf
2026/08/02-11:30:00,GOOG,107.88,18,euro,1610ad0dd0a9fc4c66663b1adef6f364
2026/08/02-11:35:00,GOOG,106.99,18,euro,7ef743fe2c3a45cec34f9522f76a0844
2026/08/02-11:40:00,GOOG,105.93,18,euro,ec1fcce117f8961ad8999bc581ea09ea
2026/08/02-11:45:00,GOOG,105.68,18,euro,c5aebe3566729156777981ff98f8bebf
2026/08/02-11:50:00,GOOG,105.62,18,euro,995199320a1df945bf2da95c9446a1c3
2026/08/02-11:55:00,GOOG,102.87,19,euro,a30a1ae6b1f489e8e57e912353bf8dab
2026/08/02-12:00:00,GOOG,103.49,19,euro,2640a265313da4681c5cf786d9023f7d
2026/08/02-12:05:00,GOOG,105.04,19,euro,c1c780386ac16120d42307948a8d266e
2026/08/02-12:10:00,GOOG,104.87,19,euro,992880fb6318eb7dd6b716f1bd5ffc9a
2026/08/02-12:15:00,GOOG,103.13,19,euro,daf9b0e81b4b3d200041d29d39fee22d
2026/08/02-12:20:00,GOOG,102.54,19,euro,c333da16ea488562f6c6965e38dacaf7
2026/08/02-12:25:00,GOOG,103.48,19,euro,4b364ade366a8b8869bbbba2126113f9
2026/08/02-12:30:00,GOOG,102.56,19,euro,5f5fcb8fbbb8715de8a697ed169d7555
2026/08/02-12:35:00,GOOG,100.37,19,euro,08daa55157b0ae84be3f2c7086ef0b2a
2026/08/02-12:40:00,GOOG,100.94,19,euro,4baad36c1185a32030f74501f9929bb3
2026/08/02-12:45:00,GOOG,102.73,19,euro,c92e035fa6c266abf0de494906321899
2026/08/02-12:50:00,GOOG,103.66,19,euro,3bf8f422476f09bfcb5de74d1985b0f8
2026/08/02-12:55:00,GOOG,103.18,19,euro,7b385dcb4c93064022186991a37b8266
2026/08/02-13:00:00,GOOG,103.48,19,euro,550de93da1334e204891ca92608fa2cb
2026/08/02-13:05:00,GOOG,107.57,18,euro,955d135bfe4fe006a392d3a63595e689
2026/08/02-13:10:00,GOOG,107.53,18,euro,dca842094035a3ecf00abe2fdbacaa72
2026/08/02-13:15:00,GOOG,108.42,18,euro,75b981b8c47ec1831921919807a8d15c
2026/08/02-13:20:00,GOOG,107.91,18,euro,cfe232cd81fd8eedab34d2b8762ac262
2026/08/02-13:25:00,GOOG,108.40,18,euro,44bbd554e49bb45a30f5b5d96d5cae13
2026/08/02-13:30:00,GOOG,112.12,17,euro,1ec0f73de3ae0db0f5a181d441db44ef
2026/08/02-13:35:00,GOOG,109.88,18,euro,48556164d02f95b1f215c8747e1af0c3
2026/08/02-13:40:00,GOOG,108.55,18,euro,850ab421b549a9c00c8876f0c3373f81
2026/08/02-13:45:00,GOOG,107.47,18,euro,db2d92538b725e7b12b261f6e53ab9b8
2026/08/02-13:50:00,GOOG,112.43,17,euro,1aefac8c5c3533815705dbd73a92c83a
2026/08/02-13:55:00,GOOG,114.81,17,euro,0486cf3e0b25b653c530105edbf864f1
2026/08/02-14:00:00,GOOG,116.14,17,euro,f1e3fc334c1b9bfcfa15de760ec37e69
2026/08/02-14:05:00,GOOG,115.46,17,euro,e31f2c2d54f54403be93f25a2cd33864
2026/08/02-14:10:00,GOOG,114.45,17,euro,0aa3354cd5fe21b3d79a29dd6916fc79
2026/08/02-14:15:00,GOOG,116.68,17,euro,5311f3bebd70322217f4d840436525cc
2026/08/02-14:20:00,GOOG,115.25,17,euro,da8e6b7b29a7a9dad4ac39bbeb085912
2026/08/02-14:25:00,GOOG,115.66,17,euro,6db782740af1188dfa2d5578f6ddeb3e
2026/08/02-14:30:00,GOOG,117.53,17,euro,3998e3e5b7bd8b878458179cda89893c
2026/08/02-14:35:00,GOOG,115.39,17,euro,858e58b98d47bd89a00cc22c61915f8e
2026/08/02-14:40:00,GOOG,117.93,16,euro,0d2ffc7f1bbd661c5a2d3039f777a5e0
2026/08/02-14:45:00,GOOG,121.44,16,euro,0c3a65be8408706414fb17edee79fff1
2026/08/02-14:50:00,GOOG,119.14,16,euro,134c21cfbb76ac4a991c50c478713744
2026/08/02-14:55:00,GOOG,119.76,16,euro,25184ef686417a01b7fe565c51fefcb9
2026/08/02-15:00:00,GOOG,117.29,17,euro,7e21cf1d968b0cb0581fafde1a72e7e0
2026/08/02-15:05:00,GOOG,113.70,17,euro,06ea78d398ddc40765413d8f526ae2a4
2026/08/02-15:10:00,GOOG,111.68,17,euro,184feb1b1435c72f5347587ad897373a
2026/08/02-15:15:00,GOOG,109.40,18,euro,b3e10f9defcb3e7087ccc98fa00baf61
2026/08/02-15:20:00,GOOG,107.51,18,euro,a1227b51b63bcc4def2216961d5896a3
2026/08/02-15:25:00,GOOG,108.55,18,euro,953af69715d470b63986d96edece35ba
2026/08/02-15:30:00,GOOG,111.56,17,euro,a60018d2a7715cef52d224afc644e667
2026/08/02-15:35:00,GOOG,112.86,17,euro,ccea24e29db61c431f3bc037c06f2954
2026/08/02-15:40:00,GOOG,115.65,17,euro,5d4c635050da338f0d6e54ddb9051424
2026/08/02-15:45:00,GOOG,112.62,17,euro,a9767be16cfa2b0267cb21b35e58cbcc
2026/08/02-15:50:00,GOOG,109.85,18,euro,ad9f1da58c4f52bdd782b77631b76e14
2026/08/02-15:55:00,GOOG,112.29,17,euro,8106ff92036fa3573a49bde78d2f3a25
2026/08/02-16:00:00,GOOG,113.43,17,euro,d8be43ff00f7a4e7871c3f777282d25c
2026/08/02-16:05:00,GOOG,111.68,17,euro,3c3d00e1f880102cc59dc9141735aa63
2026/08/02-16:10:00,GOOG,111.18,17,euro,852bd9e6afe2ebf2fcdebf7f49343809
2026/08/02-16:15:00,GOOG,111.31,17,euro,34ff94af3ba72a4df4aba1c182ca7aec
2026/08/02-16:20:00,GOOG,113.79,17,euro,38ef9c5ae62e9bbb62f5ad1f105b19ef
2026/08/02-16:25:00,GOOG,111.67,17,euro,fd40616f859fb40cdb7d367b53ea69c8
2026/08/02-16:30:00,GOOG,114.69,17,euro,f066869da0969d8f2dbaa58c5f03cd2f
2026/08/02-16:35:00,GOOG,112.94,17,euro,459a08152800261176a5a20bbddbcbe4
2026/08/02-16:40:00,GOOG,111.73,17,euro,60cf75689e09509167d7ace0adb97714
2026/08/02-16:45:00,GOOG,112.06,17,euro,311116c597b7cc863048e8f008fbf630
2026/08/02-16:50:00,GOOG,112.29,17,euro,e49e9294584cee732146d115fd2347cf
2026/08/02-16:55:00,GOOG,110.44,18,euro,3f6402b3a32e1add593f98ba72f7843e
2026/08/03-09:30:00,GOOG,110.76,18,euro,22f4014d7c370db4b3b7cdefd0aa4506
2026/08/03-09:35:00,GOOG,110.87,18,euro,f0bf2a8334fe5187a1dcdc920f860fc0
2026/08/03-09:40:00,GOOG,107.55,18,euro,d6ec8fe6c90cc85ab4809fb7419fed3a
2026/08/03-09:45:00,GOOG,108.33,18,euro,2518b39d81615d91d66d3af26c0d19f0
2026/08/03-09:50:00,GOOG,105.14,19,euro,37f3c40e50a30dc4d50d59105f400f58
2026/08/03-09:55:00,GOOG,103.09,19,euro,0dcd001bff543a0d615b9ac9cd8cf222
2026/08/03-10:00:00,GOOG,104.79,19,euro,6c862124782e7b018000ec3d5d7a2695
2026/08/03-10:05:00,GOOG,107.02,18,euro,9c93fa77244ed8b084dc6ae9e99a2f04
2026/08/03-10:10:00,GOOG,103.92,19,euro,e4ebc5cfd8b542467fa93bb17d05b0c4
2026/08/03-10:15:00,GOOG,101.01,19,euro,f01971823bcac7a2ad976810a5427e75
2026/08/03-10:20:00,GOOG,102.98,19,euro,f36a1462a45f9ac60925bab36962a737
2026/08/03-10:25:00,GOOG,99.65,20,euro,fc1f790d0bf309cf6c8aac74017b9155
2026/08/03-10:30:00,GOOG,96.78,20,euro,2209ffeccc607d7b18a24498bb60cfc2
2026/08/03-10:35:00,GOOG,97.26,20,euro,5e4ae3b2d3ba048e85b022aafb17701e
2026/08/03-10:40:00,GOOG,96.18,20,euro,d661f7be6ef5dfac98252b1e039c597f
2026/08/03-10:45:00,GOOG,97.52,20,euro,2f96c9b87491f812d8eedee13eaca035
2026/08/03-10:50:00,GOOG,100.67,19,euro,ece724074a7e3b6d16a31b7c5276bfd9
2026/08/03-10:55:00,GOOG,100.81,19,euro,4635dace68269d855d68571e6b9e638b
2026/08/03-11:00:00,GOOG,104.65,19,euro,c5be2536723495ada71b36c81a63df17
2026/08/03-11:05:00,GOOG,105.33,18,euro,e65d239b3facac2c263a837738f0037e
2026/08/03-11:10:00,GOOG,102.31,19,euro,446db2c259ecffc0bd49ec2c43a6c530
2026/08/03-11:15:00,GOOG,101.07,19,euro,2345751a7ddbfa901be9889da56d9275
2026/08/03-11:20:00,GOOG,102.45,19,euro,fb5e3d44b848bb0e51e8209b47b7e3f9
2026/08/03-11:25:00,GOOG,102.44,19,euro,9d887ac80f40b2e6a1515e0a1e5dcccd
2026/08/03-11:30:00,GOOG,104.36,19,euro,a5927700604cea0433604c3cdbc1fc52
2026/08/03-11:35:00,GOOG,103.68,19,euro,63851ac0d98f9c13593eb992c13f9da8
2026/08/03-11:40:00,GOOG,106.71,18,euro,b61deb9a5a999512dfaa5bef6c9135cc
2026/08/03-11:45:00,GOOG,108.28,18,euro,9928af85c5a34fde498a2494f9dae55e
2026/08/03-11:50:00,GOOG,108.01,18,euro,f0e90ccde57f5ecbcf8a94acc51bc5f5
2026/08/03-11:55:00,GOOG,106.88,18,euro,2eac975c8b99a830c8966c726bc2bb7e
2026/08/03-12:00:00,GOOG,105.44,18,euro,d075085b3cd2b03fdbcceb8e91a0fe79
2026/08/03-12:05:00,GOOG,107.83,18,euro,6db145bc83759365cce2cb04d01c2bc8
2026/08/03-12:10:00,GOOG,107.83,18,euro,640baafd10378836eed77bbc454c3e9d
2026/08/03-12:15:00,GOOG,107.56,18,euro,019c4d5fe841d75a8a9b8c01b79a7e71
2026/08/03-12:20:00,GOOG,108.79,18,euro,258fe80a72aca00d5a02e45b1ac3f0ae
2026/08/03-12:25:00,GOOG,106.61,18,euro,1a6cae6f7773ec204c4b1c2296a151a6
2026/08/03-12:30:00,GOOG,108.92,18,euro,e4efd51ac86a7255f3a158bc86a7176a
2026/08/03-12:35:00,GOOG,110.16,18,euro,c1f4e7fe878e634418995b7b7abbd251
2026/08/03-12:40:00,GOOG,110.82,18,euro,bae69b511d1b415403dec4874bc72409
2026/08/03-12:45:00,GOOG,109.40,18,euro,a52f5b2e741103c460c87e1b00f27f49
2026/08/03-12:50:00,GOOG,107.18,18,euro,2321324dece6a808b49b7425e55d0d1c
2026/08/03-12:55:00,GOOG,104.88,19,euro,327ddd4ec92165e973df241f831f3fbb
2026/08/03-13:00:00,GOOG,105.62,18,euro,793a84b671c7513488f44e6565f47bf3
2026/08/03-13:05:00,GOOG,104.90,19,euro,3c76f4dd1d53546e8e269a0fd188cb14
2026/08/03-13:10:00,GOOG,105.54,18,euro,793f3ce82d3a56da5cacefc98904557f
2026/08/03-13:15:00,GOOG,104.03,19,euro,c8ca33f6c44fae635f8fdd7254b36bb2
2026/08/03-13:20:00,GOOG,103.42,19,euro,9426923fdd541d78c2420d4066303021
2026/08/03-13:25:00,GOOG,102.46,19,euro,2f27b47cea5f1592c849b73d56c2985a
2026/08/03-13:30:00,GOOG,101.33,19,euro,130c89d414a533d7526695ca5e53a199
2026/08/03-13:35:00,GOOG,99.88,20,euro,a799fb51a901403fece0f8e9044611dc
2026/08/03-13:40:00,GOOG,98.21,20,euro,26d96d9073483d9dd1e8b6f7acd5b8dc
2026/08/03-13:45:00,GOOG,98.37,20,euro,9afeac70ecd29c9a87738895cab2e0d5
2026/08/03-13:50:00,GOOG,99.12,20,euro,5881eff2ab28a7a68a59fab44ca62f66
2026/08/03-13:55:00,GOOG,98.61,20,euro,083a8e1587a8b9fb760e955e00e468b5
2026/08/03-14:00:00,GOOG,99.86,20,euro,fd77817a07d2c41b76a58b447b6b28a1
2026/08/03-14:05:00,GOOG,103.63,19,euro,c6afe4daffc185b663832778c59efdc8
2026/08/03-14:10:00,GOOG,104.78,19,euro,e25be3e2e84ee240a29e7ea682e078b5
2026/08/03-14:15:00,GOOG,107.67,18,euro,b82b750e9b82a11fb02d78d61d59aaf9
2026/08/03-14:20:00,GOOG,106.43,18,euro,a85fe0dc52fff049bc5d3de2657dcb30
2026/08/03-14:25:00,GOOG,109.90,18,euro,53ca073abefbab65f382cf7dd17e1aef
2026/08/03-14:30:00,GOOG,109.56,18,euro,afc93d8ecf0a30f19146a4f1fdab1919
2026/08/03-14:35:00,GOOG,109.24,18,euro,f0f6b3308ad66ac72d2e60807fe86d1f
2026/08/03-14:40:00,GOOG,110.17,18,euro,dffaacea418cde41dfd746a6df088196
2026/08/03-14:45:00,GOOG,115.15,17,euro,7521c3931a2afd5b7ee5cb436f8d6fbb
2026/08/03-14:50:00,GOOG,115.46,17,euro,d4f7631186c94af53d991d7875753506
2026/08/03-14:55:00,GOOG,113.51,17,euro,f79a381239177158ae08daa7790b01b1
2026/08/03-15:00:00,GOOG,116.79,17,euro,27f7ac9efc1cac2efbffd183b5799db5
2026/08/03-15:05:00,GOOG,114.28,17,euro,d91143a633a2dd6fe1e730a37265a594
2026/08/03-15:10:00,GOOG,112.13,17,euro,47014e9c1c761f02cd90ba3f892ccf24
2026/08/03-15:15:00,GOOG,111.96,17,euro,351cefacc2c3cd8f285484d89aef2e00
2026/08/03-15:20:00,GOOG,112.63,17,euro,07f6fd7688707eba945685cd8512f98c
2026/08/03-15:25:00,GOOG,112.21,17,euro,fc9799adef037a83b6188ede7d68d69c
2026/08/03-15:30:00,GOOG,115.37,17,euro,ad9df3cf550e506c7b475c4c73fe3b39
2026/08/03-15:35:00,GOOG,116.81,17,euro,c3002e1182e9341333d98c7656cc9439
2026/08/03-15:40:00,GOOG,117.70,16,euro,0f255e30243feb1ca94db9fd99588133
2026/08/03-15:45:00,GOOG,114.79,17,euro,b3c2d01d6a8746d78327411b387605b6
2026/08/03-15:50:00,GOOG,113.08,17,euro,1f56418d8bd0c32f284c06f6de27eaf8
2026/08/03-15:55:00,GOOG,113.73,17,euro,d0e7814ee8aa7c6d9f0010620ffb612f
2026/08/03-16:00:00,GOOG,110.45,18,euro,11534e49fb7235c4394208bf5c994312
2026/08/03-16:05:00,GOOG,112.68,17,euro,c730c4a329b3d660b5a27a56666c8a86
2026/08/03-16:10:00,GOOG,112.41,17,euro,7a12d4ecd5119891a609c658b4712242
2026/08/03-16:15:00,GOOG,109.83,18,euro,38159c67e1e0ab24636c0215d6c3f8f6
2026/08/03-16:20:00,GOOG,110.44,18,euro,e20389566a137e8ea69a9828b716e8e7
2026/08/03-16:25:00,GOOG,112.88,17,euro,d9a0d1e34ecaeedaf80537643d175b01
2026/08/03-16:30:00,GOOG,111.11,18,euro,76641729f6a597f30b68409d158dc8ef
2026/08/03-16:35:00,GOOG,111.38,17,euro,89d6f1396654f3de69d9ea5820ca49a9
2026/08/03-16:40:00,GOOG,108.00,18,euro,54cc67d588c43982638b1180c6a7e7a6
2026/08/03-16:45:00,GOOG,107.99,18,euro,57a3ab6a301fc87d1d235fe6285405cc
2026/08/03-16:50:00,GOOG,110.01,18,euro,cd9541fbf8a492f7d22bd0340989980a
2026/08/03-16:55:00,GOOG,109.93,18,euro,18694e64930b1d5da615c8c87eca8093
2026/07/28-09:30:00,APPL,40.75,49,euro,e72861eb1e04bc28577fb246fcec685c
2026/07/28-09:35:00,APPL,40.55,49,euro,2b4220b79642fdcbb8b8e3432c0bfe9f
2026/07/28-09:40:00,APPL,40.95,48,euro,76614f403975cf6b5f100b6ce26246ef
2026/07/28-09:45:00,APPL,40.75,49,euro,eb52ee71d5dabf9417feb8cc5e8825eb
2026/07/28-09:50:00,APPL,40.02,49,euro,737d715b57273b3051b2dae381bea42e
2026/07/28-09:55:00,APPL,39.96,50,euro,4d5200f092eeab349500f4a3b8fd10d7
2026/07/28-10:00:00,APPL,40.44,49,euro,01f53309b19d6c30938c9aed5bb08d6e
2026/07/28-10:05:00,APPL,41.62,48,euro,e48fb7c55e2fb08d7189494d0de908dd
2026/07/28-10:10:00,APPL,41.39,48,euro,7ee7eab0d11867b22506dc3d50c14a53
2026/07/28-10:15:00,APPL,41.54,48,euro,0e6498b58fb91bb69e63fe099e871013
2026/07/28-10:20:00,APPL,41.86,47,euro,f7e8ded924f953ac4163b7619a3545b6
2026/07/28-10:25:00,APPL,42.98,46,euro,8993e029bd5d8cd52684213727ef0cb4
2026/07/28-10:30:00,APPL,42.68,46,euro,a77f83c3c72cc4c83c763e6eac431f79
2026/07/28-10:35:00,APPL,42.90,46,euro,35ae1dbf215ea1d37736659d91b3ce5c
2026/07/28-10:40:00,APPL,43.88,45,euro,08a60dda224ceb64874ccd43af6277b9
2026/07/28-10:45:00,APPL,42.42,47,euro,eaf61a3c52cf1c2f9cd2b703d9502c83
2026/07/28-10:50:00,APPL,43.05,46,euro,71bb1f45218e5ca4e817b9ff68749583
2026/07/28-10:55:00,APPL,44.30,45,euro,4d5a5e04e2d8920d1c5dfa105a1ce5d9
2026/07/28-11:00:00,APPL,43.84,45,euro,60b8697ecaa261cbfef6ebc9f224d531
2026/07/28-11:05:00,APPL,44.81,44,euro,527711b2ad80bc817858ab6cdace9249
2026/07/28-11:10:00,APPL,44.59,44,euro,d69fffb22ef7e952c7a041d1dd08fcc6
2026/07/28-11:15:00,APPL,43.47,46,euro,1135fc2ea5c82dbe6304143961f55ab2
2026/07/28-11:20:00,APPL,43.02,46,euro,2e4a2fa47bcb4a523b03f1e6b3d22a14
2026/07/28-11:25:00,APPL,43.53,45,euro,ce9d1ca448c5b90efe4e92d4b205d83d
2026/07/28-11:30:00,APPL,43.97,45,euro,cdc46e0374743aba4adbdc859cb22c04
2026/07/28-11:35:00,APPL,45.63,43,euro,55d61383c1a0f93035c9aacfcd58e874
2026/07/28-11:40:00,APPL,45.02,44,euro,56eea710375a354ebf4361c70ec5c8bf
2026/07/28-11:45:00,APPL,45.42,44,euro,e3fa1f2991dcc30fbf9507ba20957e2e
2026/07/28-11:50:00,APPL,44.40,45,euro,7625778735982a717e3a03c7035929c8
2026/07/28-11:55:00,APPL,44.33,45,euro,4fee93000d081542e27e1cfe7e3df917
2026/07/28-12:00:00,APPL,44.26,45,euro,38a0953f170bb41ae44f6fc55e79aa86
2026/07/28-12:05:00,APPL,43.89,45,euro,313943bbe3ead7c784fae0a943d880f3
2026/07/28-12:10:00,APPL,44.49,44,euro,4bcfe8b8d3f47c2707a2c1ea72148729
2026/07/28-12:15:00,APPL,44.67,44,euro,1e8e55a0fee41c2b41bec7ea9111c5cc
2026/07/28-12:20:00,APPL,44.69,44,euro,db4fda1dd84f491ca584d1911f635546
2026/07/28-12:25:00,APPL,44.77,44,euro,07f3570cbc0e866a1246d7a9ef793bd7
2026/07/28-12:30:00,APPL,45.38,44,euro,418be4dcd4b653f72b4fc5cb2c1570b2
2026/07/28-12:35:00,APPL,45.32,44,euro,a5fbc23284452b8d87f00f3ca17df05b
2026/07/28-12:40:00,APPL,45.20,44,euro,ee77f4aeedf68d70e430d10d03cbcebe
2026/07/28-12:45:00,APPL,45.12,44,euro,5339ca27924474f766c8bac46eeabd33
2026/07/28-12:50:00,APPL,45.60,43,euro,9df0df4ff48d027bbc7db5c18e2bbcec
2026/07/28-12:55:00,APPL,45.37,44,euro,0debd24cd6e26deea684e4d3ae9c532c
2026/07/28-13:00:00,APPL,46.31,43,euro,6920520da93c5b16fe471708f690aa7d
2026/07/28-13:05:00,APPL,47.75,41,euro,0cd210a8dceb1c1b811892bdefe04cf2
2026/07/28-13:10:00,APPL,47.56,42,euro,f5567983b88aa27ece653d4277712683
2026/07/28-13:15:00,APPL,47.19,42,euro,4ff957d6c2eb4636cae125d0859004cd
2026/07/28-13:20:00,APPL,46.39,43,euro,05104ad58c06fca447d43d7c39b35647
2026/07/28-13:25:00,APPL,47.18,42,euro,e3098662e5671dd817a23c55ee8e5132
2026/07/28-13:30:00,APPL,46.72,42,euro,bac23d9d3c4073f0423c211d3b373c47
2026/07/28-13:35:00,APPL,46.24,43,euro,264da2a6bfdb29eb0341786b0b6555c3
2026/07/28-13:40:00,APPL,45.59,43,euro,11b50c95b65882a29910895d18ab5d3c
2026/07/28-13:45:00,APPL,45.96,43,euro,0b52dae413ffe9f0033899bc74ff23a9
2026/07/28-13:50:00,APPL,45.44,44,euro,9d3e98f7a6bd02f4c4aa9a5a6ebb92e4
2026/07/28-13:55:00,APPL,45.54,43,euro,d05ee61fe9a24097fc9091d1aeb6a5fd
2026/07/28-14:00:00,APPL,45.76,43,euro,cf088e5d3e586da01d83029a66957447
2026/07/28-14:05:00,APPL,46.60,42,euro,c0c676bdec2a801544eca3bc59ae55f7
2026/07/28-14:10:00,APPL,46.37,43,euro,b0a67b941ab0fb6e51cee76678c59dc9
2026/07/28-14:15:00,APPL,47.28,42,euro,b76788493ac54cebe88d26d890e0446e
2026/07/28-14:20:00,APPL,46.28,43,euro,74e536c1d7f69e9f3eeebcd2bd23b909
2026/07/28-14:25:00,APPL,45.71,43,euro,61031292bb5d55cc132ceda7fbf99de8
2026/07/28-14:30:00,APPL,45.04,44,euro,a07c4a1e6342ad34e06e88ed278bdb1a
2026/07/28-14:35:00,APPL,46.28,43,euro,e17bad1d903ba208ba1f18be073fed06
2026/07/28-14:40:00,APPL,46.50,43,euro,77c9ca570bdea6c2792d2656d515724c
2026/07/28-14:45:00,APPL,46.69,42,euro,9b4a0182c2e2d34002253b3cd1b91f91
2026/07/28-14:50:00,APPL,46.14,43,euro,d6040142688c04ed71ca529713ddb700
2026/07/28-14:55:00,APPL,45.74,43,euro,8e8fe78faef039398667321353767f98
2026/07/28-15:00:00,APPL,45.25,44,euro,7a6a76bdf9a0a192a1064041bb47f835
2026/07/28-15:05:00,APPL,44.94,44,euro,9ca99bcb9345a1c9001514a933cdd0cf
2026/07/28-15:10:00,APPL,44.70,44,euro,5d5996106237e1e9979e2618b219983e
2026/07/28-15:15:00,APPL,46.08,43,euro,204e60858ea993b3874ea1292efda76a
2026/07/28-15:20:00,APPL,45.52,43,euro,c552c7160f90214bddb428666b4458ac
2026/07/28-15:25:00,APPL,46.35,43,euro,86bb1483e1420cd496102804cb530430
2026/07/28-15:30:00,APPL,46.00,43,euro,2202c2eb06c292813290a3089c714ac2
2026/07/28-15:35:00,APPL,45.38,44,euro,b4f8ab90de336b966c46d54d29fc7383
2026/07/28-15:40:00,APPL,44.37,45,euro,69659f25de8850e72da28cfd7466c941
2026/07/28-15:45:00,APPL,43.91,45,euro,ed8057fdbdfe1ccdf991990b925ac047
2026/07/28-15:50:00,APPL,44.15,45,euro,153fd17c4c077089736bd160dd79bf4a
2026/07/28-15:55:00,APPL,44.63,44,euro,80825b61c1fa8c96945225ffdc0e66bd
2026/07/28-16:00:00,APPL,44.25,45,euro,977656866b5421f34d40b912996bc6af
2026/07/28-16:05:00,APPL,46.57,42,euro,8c94b45339f4037cc57ead9ae3fb2ac1
2026/07/28-16:10:00,APPL,47.04,42,euro,7f40cc06a10078a6029172251920df96
2026/07/28-16:15:00,APPL,46.89,42,euro,a30695278dd79fa784586230e2b40909
2026/07/28-16:20:00,APPL,47.56,42,euro,e5e8073e7a7125b4d34a4bc0557c61e4
2026/07/28-16:25:00,APPL,48.25,41,euro,f20d71135107e5dfd159547e4e0c706a
2026/07/28-16:30:00,APPL,47.28,42,euro,6594a7f209c30495478ea7dcfb9120ef
2026/07/28-16:35:00,APPL,47.10,42,euro,ef30becb0e40777d711eadede10f4cb7
2026/07/28-16:40:00,APPL,47.36,42,euro,940b85fc93dd30d710920ea308d309e8
2026/07/28-16:45:00,APPL,46.58,42,euro,1abe307075808e8944598fcbdd7a4970
2026/07/28-16:50:00,APPL,46.48,43,euro,e36bf9ae036e2743b5dbe34590b4e6e6
2026/07/28-16:55:00,APPL,46.63,42,euro,6a2065edd2e39af475332cecba536d58
2026/07/29-09:30:00,APPL,47.26,42,euro,603c4f9e11b7cd877dd3ab04cacb7dfc
2026/07/29-09:35:00,APPL,47.43,42,euro,d9ab90e41450a28847614d7fc2c377ea
2026/07/29-09:40:00,APPL,47.64,41,euro,23cc2c11944459a95cd50c8cc9558a69
2026/07/29-09:45:00,APPL,47.62,41,euro,78f83bab8fa2d689840b37ac3d37d91f
2026/07/29-09:50:00,APPL,48.35,41,euro,896e1301d91afd3dfd2d8de117214038
2026/07/29-09:55:00,APPL,47.80,41,euro,3c9629760b4fd929aa8739b78866e140
2026/07/29-10:00:00,APPL,47.65,41,euro,2039b8c2c5d18474c9a86ce3fe3be30e
2026/07/29-10:05:00,APPL,48.03,41,euro,7fccc721ee781677b48e02a9158ecb0a
2026/07/29-10:10:00,APPL,48.66,41,euro,741fb876a7b4e17d3419ff47de7d16aa
2026/07/29-10:15:00,APPL,48.08,41,euro,37a704b61223aca16b7b92874a18b210
2026/07/29-10:20:00,APPL,48.77,41,euro,8bd753e67a8148f73ab1eebf635fdf0e
2026/07/29-10:25:00,APPL,47.80,41,euro,372ec3f765640e1e3fb778fe38b1dde9
2026/07/29-10:30:00,APPL,48.92,40,euro,9ca1ca57c84ec525cda7a042bb4ff9eb
2026/07/29-10:35:00,APPL,48.61,41,euro,10851136431227c81b69c17dd80fd5a1
2026/07/29-10:40:00,APPL,48.52,41,euro,61ad3d4b5b8bbe2cf188c072f04bbdac
2026/07/29-10:45:00,APPL,47.14,42,euro,914e1ba607be2bb58a87c093ee167322
2026/07/29-10:50:00,APPL,48.03,41,euro,5732c9fa4814259df0158151cd7965dd
2026/07/29-10:55:00,APPL,49.01,40,euro,1b031403534a595155c136b3272efb0a
2026/07/29-11:00:00,APPL,49.95,40,euro,43543e093fab7678389d13627c836e8e
2026/07/29-11:05:00,APPL,48.78,41,euro,21434109b92205cbcd002bec9ef86412
2026/07/29-11:10:00,APPL,48.55,41,euro,897885311b3c0b4f590927fc65fef421
2026/07/29-11:15:00,APPL,49.72,40,euro,033d4444c511c1bbcf1c768cfe4328fc
2026/07/29-11:20:00,APPL,48.30,41,euro,07c61c9077d4a5cefee2c4a96be14921
2026/07/29-11:25:00,APPL,49.52,40,euro,c4fa69f0c8c9625493be6d6a3a650e7f
2026/07/29-11:30:00,APPL,49.25,40,euro,1659d7b8779655c264f6f6254f0ca368
2026/07/29-11:35:00,APPL,49.17,40,euro,210c6cb94392645eb76ff664745936de
2026/07/29-11:40:00,APPL,50.11,39,euro,a5fd3cf7c283b494a95615337c1b5afb
2026/07/29-11:45:00,APPL,49.92,40,euro,1ad18250be31637630d15135230cc070
2026/07/29-11:50:00,APPL,50.15,39,euro,6bd9ef3a7f02b8eacd04a9fb3d5e4ed3
2026/07/29-11:55:00,APPL,50.24,39,euro,9e8149fc9afa184240e8b28473e03e3f
2026/07/29-12:00:00,APPL,51.13,39,euro,2a8697719cf577c030b0a5f44c12f9d4
2026/07/29-12:05:00,APPL,51.60,38,euro,cc5c648a88863a24431731c7289ecb64
2026/07/29-12:10:00,APPL,50.56,39,euro,e0bb968349f408ffbb324d8a8b828c08
2026/07/29-12:15:00,APPL,50.94,39,euro,1e6656c8eb0bf550912406acc93ea45d
2026/07/29-12:20:00,APPL,50.62,39,euro,91598324dc9692df3b6a1d4b9326e857
2026/07/29-12:25:00,APPL,49.81,40,euro,629f459ff830c59a3b6fe8f82232a2fd
2026/07/29-12:30:00,APPL,49.33,40,euro,2d1dd6e8437a262c7949118e359ed05c
2026/07/29-12:35:00,APPL,48.80,40,euro,a03fbd9e0e743e95bb07d9858f8efb75
2026/07/29-12:40:00,APPL,48.45,41,euro,a6b0a53af1b6e05193ffb06b59cd2a59
2026/07/29-12:45:00,APPL,47.70,41,euro,478b442e910b379f8408e6c14e97dddf
2026/07/29-12:50:00,APPL,47.64,41,euro,0227651c3a71732578ef4bfef6e38cd0
2026/07/29-12:55:00,APPL,47.49,42,euro,8588139dc07a1cebce3d624e85c4aadc
2026/07/29-13:00:00,APPL,48.25,41,euro,7940a19390a02370194460df55efe939
2026/07/29-13:05:00,APPL,48.16,41,euro,66a8429dc77ade64b5c49fc6b589766e
2026/07/29-13:10:00,APPL,48.98,40,euro,9a159f1d38f3a1b79e506df9b67b4bc0
2026/07/29-13:15:00,APPL,50.13,39,euro,54362539112373ce98aa10a442acf586
2026/07/29-13:20:00,APPL,48.94,40,euro,1e6a411a0b9704437e13f69888b3e2b6
2026/07/29-13:25:00,APPL,49.03,40,euro,8ccc3c42ddba1dac81d48bab511f78f6
2026/07/29-13:30:00,APPL,49.27,40,euro,e858eae2b72ef397cc7d6058767a6e79
2026/07/29-13:35:00,APPL,48.30,41,euro,ba90eb3a3e69ffffa5858b58b3e64483
2026/07/29-13:40:00,APPL,46.05,43,euro,d4782c74e6ae54b08775d0b288aa6713
2026/07/29-13:45:00,APPL,45.75,43,euro,eb54c4b83e79793d9e288a44f126fd75
2026/07/29-13:50:00,APPL,44.63,44,euro,680c71c77960e77dc70135a9aeff65c6
2026/07/29-13:55:00,APPL,44.22,45,euro,a5c10a9a0370bd069920703a506ccac9
2026/07/29-14:00:00,APPL,43.35,46,euro,d6d365b58a9896f79a0df40107dcf6ef
2026/07/29-14:05:00,APPL,43.68,45,euro,cb41fd3ad22c30d723596f34dc4498a0
2026/07/29-14:10:00,APPL,43.99,45,euro,2edb27bcd06847b290c369ab15cace4b
2026/07/29-14:15:00,APPL,43.14,46,euro,740839428d86e00a248dc52340842510
2026/07/29-14:20:00,APPL,43.02,46,euro,e5979ad4ea9d74e752720482201b262a
2026/07/29-14:25:00,APPL,43.65,45,euro,2f0ff1861b1ac5c354ee5b3ce0bab8b7
2026/07/29-14:30:00,APPL,43.62,45,euro,c1b7baf0b06c4191d89ddf5f702d17d5
2026/07/29-14:35:00,APPL,44.35,45,euro,dac8c2a3a5c74d302956a8841607a050
2026/07/29-14:40:00,APPL,43.28,46,euro,8c467ac4e81e8afc52912f4e105584f2
2026/07/29-14:45:00,APPL,42.61,46,euro,16a1845a2cabdb998d4829d4ab6cef28
2026/07/29-14:50:00,APPL,42.23,47,euro,66877f136cb84ecdeddf2989164ff1bd
2026/07/29-14:55:00,APPL,42.62,46,euro,d4a787f080b09b4035ad68f487801ed5
2026/07/29-15:00:00,APPL,42.19,47,euro,5c3ad2d98c024861c85e410b9ec500f4
2026/07/29-15:05:00,APPL,42.50,47,euro,0b1c6c0f509936424311767695a5c6c7
2026/07/29-15:10:00,APPL,41.78,47,euro,216a50548f8dff64c936afd517b89caa
2026/07/29-15:15:00,APPL,41.97,47,euro,0c9c4e51abe4135658af7adaff43f406
2026/07/29-15:20:00,APPL,42.43,47,euro,ddfda5b6138cff77a409fa0c9f972e54
2026/07/29-15:25:00,APPL,42.67,46,euro,732c4156b788e1061df9466ed0474274
2026/07/29-15:30:00,APPL,44.00,45,euro,c68f4b5754583cd50cc0f4e3480cdadf
2026/07/29-15:35:00,APPL,43.98,45,euro,bd26072a1fc907410fff0a152d9a24a9
2026/07/29-15:40:00,APPL,43.74,45,euro,0bb1f9fcd168f036b2f003069ab24e78
2026/07/29-15:45:00,APPL,43.19,46,euro,bb93813778c1f1efd6f783a439b25129
2026/07/29-15:50:00,APPL,43.44,46,euro,0bbece4d86a3e11f1775f6d8980a8aaf
2026/07/29-15:55:00,APPL,42.35,47,euro,3684fe8139fbbadd307e82bc90d551aa
2026/07/29-16:00:00,APPL,41.97,47,euro,17ca46e9274c2da06b8172ef40750c83
2026/07/29-16:05:00,APPL,42.98,46,euro,205d05d98fe03574810173e80185a252
2026/07/29-16:10:00,APPL,43.79,45,euro,04aa86151efe1c4cb3031af8809153a0
2026/07/29-16:15:00,APPL,43.71,45,euro,8c8beb0a59a25e79644e6e857c712ae5
2026/07/29-16:20:00,APPL,44.12,45,euro,25c59e67e48d8835bf309b59524084ea
2026/07/29-16:25:00,APPL,44.21,45,euro,c57d01e31e6b8dfe18d396322100bda4
2026/07/29-16:30:00,APPL,44.33,45,euro,6ede03829e4c9a4fd97ec0847ca7633c
2026/07/29-16:35:00,APPL,44.17,45,euro,0828190833c24c4174f6717405b9e163
2026/07/29-16:40:00,APPL,44.46,44,euro,1c5a74d363664b2e28495500779238eb
2026/07/29-16:45:00,APPL,43.41,46,euro,63b8f29d28187a7d86520066ab174f54
2026/07/29-16:50:00,APPL,44.22,45,euro,22e14cbf9b051c98bad24ba9f9313f45
2026/07/29-16:55:00,APPL,44.64,44,euro,ee4e5d235e0be1bc0eef0dd8bed97738
2026/07/30-09:30:00,APPL,44.42,45,euro,75d2ac3b9907b63144db0e3b4e7c5a9a
2026/07/30-09:35:00,APPL,45.11,44,euro,df6402e63a389c07873a0f1f2fd29745
2026/07/30-09:40:00,APPL,44.03,45,euro,2fc24fdf013cfa84bf6c7c71245e4e77
2026/07/30-09:45:00,APPL,43.89,45,euro,1baac278ac5379e2a5161fed14d867f3
2026/07/30-09:50:00,APPL,43.25,46,euro,486ffd4fa13d8a27933e25e6364c168f
2026/07/30-09:55:00,APPL,42.92,46,euro,0e3e447ad0df13bfd64f6e7d47914e39
2026/07/30-10:00:00,APPL,43.43,46,euro,567de487f17625a6fae1e990f63d7541
2026/07/30-10:05:00,APPL,43.13,46,euro,78269dc5212c80aaca3cc6f6973bf0d1
2026/07/30-10:10:00,APPL,43.60,45,euro,d88fa1f34c7c208721c45e1f974bc4d6
2026/07/30-10:15:00,APPL,43.99,45,euro,958591a648390aafad19fe91c965391a
2026/07/30-10:20:00,APPL,44.79,44,euro,2795bf177a0d60b226e904cf1ce81327
2026/07/30-10:25:00,APPL,44.12,45,euro,f362264700bfac2cefd381b7de3bbd57
2026/07/30-10:30:00,APPL,44.68,44,euro,0a29158bcf2da989d1e92a68019c85e0
2026/07/30-10:35:00,APPL,43.97,45,euro,bb660c4df01fb9e6e018bc44f7d807fd
2026/07/30-10:40:00,APPL,43.97,45,euro,5a7bb881768c35962206f8c1ea5150be
2026/07/30-10:45:00,APPL,44.45,44,euro,2569c35b520749203a0fe9647ae63518
2026/07/30-10:50:00,APPL,44.07,45,euro,3b733faa9a7b5853434162dcf6d61685
2026/07/30-10:55:00,APPL,43.93,45,euro,2c742d52b9925feb421f73c879544c8a
2026/07/30-11:00:00,APPL,44.88,44,euro,af067a2be5f46a33ab42fdeeb527b52d
2026/07/30-11:05:00,APPL,43.59,45,euro,b51165b828fb5693aa3eeed03a71856f
2026/07/30-11:10:00,APPL,43.58,45,euro,5b316f68b16b14bf06392014aa383b40
2026/07/30-11:15:00,APPL,44.40,45,euro,bf8e95e47995272bee8d40164341368b
2026/07/30-11:20:00,APPL,44.06,45,euro,14306aa50ab81dbcb259f0a773747152
2026/07/30-11:25:00,APPL,43.94,45,euro,9be3341419de61507b8c24f2cfbafa8e
2026/07/30-11:30:00,APPL,44.48,44,euro,645bc20ae1d2a2d1a61df9ad06c001ff
2026/07/30-11:35:00,APPL,43.60,45,euro,c30d5bf15028289c9dfa5237ded38e84
2026/07/30-11:40:00,APPL,44.06,45,euro,125728a0ecc219b02e7d30bfcec5df71
2026/07/30-11:45:00,APPL,43.96,45,euro,7b450a9d78a4639b2f3c87abeb6fbeb1
2026/07/30-11:50:00,APPL,44.45,44,euro,dded4dcc1c8b6371f3482b59943d4fef
2026/07/30-11:55:00,APPL,44.63,44,euro,045fa7433ccc06f5f2b9a4cdcf68aec9
2026/07/30-12:00:00,APPL,44.54,44,euro,47b345a3029de276a3e06d6a7b0728ac
2026/07/30-12:05:00,APPL,43.77,45,euro,68991537ab926152e721f48c99cc4d7c
2026/07/30-12:10:00,APPL,42.86,46,euro,0a3fbf7ff7387382c4e8441b5f4d649c
2026/07/30-12:15:00,APPL,42.59,46,euro,0f58b7c675d02a1d505f9a7feb7c3661
2026/07/30-12:20:00,APPL,42.95,46,euro,a3c5cac6ff00b6d25c01f81cda308bff
2026/07/30-12:25:00,APPL,42.36,47,euro,6cdd6380bdb86118d3259b5f417e4e5e
2026/07/30-12:30:00,APPL,41.56,48,euro,188031c5211c4c3c588ecab236ac154e
2026/07/30-12:35:00,APPL,41.61,48,euro,bdbbd2ba0251d720b16f52f6217802b0
2026/07/30-12:40:00,APPL,43.10,46,euro,33dbc5723cfc8beb294cfbab8ccdc752
2026/07/30-12:45:00,APPL,42.52,47,euro,9ba0f5ae4c4b3c76c14f76fbe114f451
2026/07/30-12:50:00,APPL,41.95,47,euro,9950d35d37bdf7990751f1d85c67e0a1
2026/07/30-12:55:00,APPL,41.31,48,euro,83b932ad7433e4fcae2000a1aea9af52
2026/07/30-13:00:00,APPL,41.27,48,euro,cbc342aebda92c5671e47be6c9d750ea
2026/07/30-13:05:00,APPL,40.65,49,euro,91545cd71dfb1ae656e8eac9d35f2017
2026/07/30-13:10:00,APPL,39.64,50,euro,a488497a911eba11268ec8293eae7a9e
2026/07/30-13:15:00,APPL,39.03,51,euro,1051254bf1f1da34c649a5ffd9ab7079
2026/07/30-13:20:00,APPL,38.70,51,euro,6720dc1e8b6bd093bb07214993f65db0
2026/07/30-13:25:00,APPL,38.62,51,euro,54a7573105630cf28bb6ae64535072b1
2026/07/30-13:30:00,APPL,38.76,51,euro,dd8ab137c632c438842a24dfa15242bb
2026/07/30-13:35:00,APPL,38.75,51,euro,43de498ad95281f50bf0d74283a74a7e
2026/07/30-13:40:00,APPL,38.69,51,euro,aeaba6b72b4d1e07de7b0ee7be181abd
2026/07/30-13:45:00,APPL,38.34,52,euro,2c1efaeee0a51b018a49a39bce4f2dc1
2026/07/30-13:50:00,APPL,38.84,51,euro,75595b16cea1abd030b6933e25af37fb
2026/07/30-13:55:00,APPL,39.62,50,euro,e2c3890f714f42bf86380d2b33ac8722
2026/07/30-14:00:00,APPL,39.77,50,euro,5f81e655ac1213a17be33ae07f83ab7d
2026/07/30-14:05:00,APPL,39.76,50,euro,9d4b041bbb7c1f5ff3fc5e5bcc7b57cf
2026/07/30-14:10:00,APPL,39.93,50,euro,8f07a188ea86b16d73418926d4893294
2026/07/30-14:15:00,APPL,38.73,51,euro,07fb272b73e576c4381cc3c8c229d360
2026/07/30-14:20:00,APPL,38.77,51,euro,49fd524a4efcb65a9a495dfa826e79aa
2026/07/30-14:25:00,APPL,38.57,51,euro,db73b51ba5b4726bd09531a7a28ffd10
2026/07/30-14:30:00,APPL,38.27,52,euro,26b49d40246a8d8e60cc31a31b1015dd
2026/07/30-14:35:00,APPL,38.38,52,euro,5a566fdd2424dc722159228db02d8cdf
2026/07/30-14:40:00,APPL,38.38,52,euro,0e39ec5aba598638651bc420c495843b
2026/07/30-14:45:00,APPL,39.06,51,euro,a7130182292b1190de694bc97d2b4728
2026/07/30-14:50:00,APPL,38.91,51,euro,0e1a742bf22d023b7ae57f4e35235f86
2026/07/30-14:55:00,APPL,38.30,52,euro,c36be8500dc0fad8334bc35e74951ad5
2026/07/30-15:00:00,APPL,37.37,53,euro,5a08f9ea11feb0b4fee428b6685050d4
2026/07/30-15:05:00,APPL,37.41,53,euro,3f5ed34b9980e27ed478ec74faee3d0d
2026/07/30-15:10:00,APPL,36.57,54,euro,eec97f9d1dd5e6666a29a1815d0471b0
2026/07/30-15:15:00,APPL,37.14,53,euro,9c6e2e78469affe788f09c97a8799b30
2026/07/30-15:20:00,APPL,38.04,52,euro,2c51d991e3a829cac8851bc070a77677
2026/07/30-15:25:00,APPL,37.96,52,euro,74f02b3031af573ff850bfe43a7f291b
2026/07/30-15:30:00,APPL,38.65,51,euro,12a0c501fc5671e68afc0297e40ea367
2026/07/30-15:35:00,APPL,38.56,51,euro,13c0e20bd733854494a93ec9d8f29e09
2026/07/30-15:40:00,APPL,39.04,51,euro,9b261813675038beb505a5318694768b
2026/07/30-15:45:00,APPL,39.49,50,euro,3d899a01eb9464cf470c0629ab675dd7
2026/07/30-15:50:00,APPL,38.06,52,euro,6fd1d9d0a4c4ec9037624134d6d20a77
2026/07/30-15:55:00,APPL,38.03,52,euro,5d12e6c4100f4dbfe05fd5a2de10e34f
2026/07/30-16:00:00,APPL,37.81,52,euro,554d2278857b884ef8f6ea63d27b0a84
2026/07/30-16:05:00,APPL,37.87,52,euro,94071c23c070c9e1a6d9bbdfd121870c
2026/07/30-16:10:00,APPL,38.51,51,euro,eff24e6e452445bf02f810aa384e78c7
2026/07/30-16:15:00,APPL,38.63,51,euro,7de220e51ff6c477cf290235a54e8de6
2026/07/30-16:20:00,APPL,39.70,50,euro,eb24085a504c1a1b72b30fb0fa89aa80
2026/07/30-16:25:00,APPL,39.11,51,euro,b12b430d08933ec595eda9ab6d72e738
2026/07/30-16:30:00,APPL,38.86,51,euro,d8cee2e4753e7e1b4d59a1fb83573f5b
2026/07/30-16:35:00,APPL,38.77,51,euro,26779df9fd445f0848c737388932d65f
2026/07/30-16:40:00,APPL,39.33,50,euro,e077e21c65736ac57b2737429b72b32f
2026/07/30-16:45:00,APPL,38.58,51,euro,4896e955acb184811eca1110b46427e8
2026/07/30-16:50:00,APPL,38.49,51,euro,fb90e1e22078de4ce55dd4d859ee421c
2026/07/30-16:55:00,APPL,38.13,52,euro,7cc7a3271575d181ea59b0d374d0c16b
2026/07/31-09:30:00,APPL,38.25,52,euro,5a67af4d0abaaaf9015e65a361871c6f
2026/07/31-09:35:00,APPL,38.92,51,euro,a259e4ffd775216e98e93dac1204af87
2026/07/31-09:40:00,APPL,39.25,50,euro,3e53e231004c2dfd7c7fe72152648f4b
2026/07/31-09:45:00,APPL,39.15,51,euro,c4fbaf30e87e19a9d19e7474ebabc7cb
2026/07/31-09:50:00,APPL,38.13,52,euro,0868a53e628752effb5b9ee7700bfe44
2026/07/31-09:55:00,APPL,38.70,51,euro,cffe1bce8f91387e92d251f3b7a85f9f
2026/07/31-10:00:00,APPL,38.59,51,euro,f180c6bb748ecc2c32c56cfdb21d7a5f
2026/07/31-10:05:00,APPL,38.79,51,euro,e703768f20567286f2e244676516316f
2026/07/31-10:10:00,APPL,37.76,52,euro,7aaf1a54847abc15a3c948af985847bd
2026/07/31-10:15:00,APPL,38.36,52,euro,efbffe9e75a43f0a589208c5f715ef68
2026/07/31-10:20:00,APPL,39.15,51,euro,aba65fec4bc320ba8694b457859b0092
2026/07/31-10:25:00,APPL,39.46,50,euro,f5e9df71f56a03ca5c7e18639e26ecdf
2026/07/31-10:30:00,APPL,40.14,49,euro,e00843451ca7ceb23418045211463eda
2026/07/31-10:35:00,APPL,39.64,50,euro,2e1b68984e17e076139233c609146a4f
2026/07/31-10:40:00,APPL,40.53,49,euro,38d7699ed0b2ab5e4c8652c0b2f71c2b
2026/07/31-10:45:00,APPL,39.70,50,euro,ed042220ffcd33678d91d70b6638a752
2026/07/31-10:50:00,APPL,39.29,50,euro,c89297bd22521a9cdce33483d949934b
2026/07/31-10:55:00,APPL,39.10,51,euro,f9387820df1d0b427659f8527d9b5e04
2026/07/31-11:00:00,APPL,38.66,51,euro,cbe80898a388a8b36954fc45f3ac3f35
2026/07/31-11:05:00,APPL,39.08,51,euro,c47d0772b41f89ba4a71a78b28b95af0
2026/07/31-11:10:00,APPL,38.39,52,euro,160c147a800413522240fb3730212bc8
2026/07/31-11:15:00,APPL,37.77,52,euro,05a7d76969c9b75a6b8c07906b42d089
2026/07/31-11:20:00,APPL,37.00,54,euro,f3b8d8d4ff5fcd62f1c0a1e90520a8f1
2026/07/31-11:25:00,APPL,36.15,55,euro,cb3f49a7e208035d5d2ec9b11eeb68b2
2026/07/31-11:30:00,APPL,35.58,56,euro,9d57307f406e5feec4ebf18fdd67d823
2026/07/31-11:35:00,APPL,35.69,56,euro,fc3a330e9e724e15c228f9f1a8743e0b
2026/07/31-11:40:00,APPL,35.89,55,euro,c0e0633ee7f01444428038c4e14aaa1f
2026/07/31-11:45:00,APPL,37.04,53,euro,d7d14f3cd1bc48f6cf79e81fdb03c06a
2026/07/31-11:50:00,APPL,37.00,54,euro,41c75507257119fe69f6bfe189735a35
2026/07/31-11:55:00,APPL,37.08,53,euro,a8ec9101615a7acd95d1f838ae5d4f4c
2026/07/31-12:00:00,APPL,37.00,54,euro,e1e5969786f529cd8fadf320a17a071e
2026/07/31-12:05:00,APPL,37.35,53,euro,8e30bbc823b4a5fae54b9fbf154dc2f3
2026/07/31-12:10:00,APPL,37.56,53,euro,2693a59fd72f18cdd1be0660edad91ee
2026/07/31-12:15:00,APPL,36.52,54,euro,fb693e475b8acf595194df2bd8697fb4
2026/07/31-12:20:00,APPL,36.57,54,euro,02487d66f1e88285b4dc8088b502a056
2026/07/31-12:25:00,APPL,36.05,55,euro,ba486cfc1b8cea0de5ce4e19bd5bbf9f
2026/07/31-12:30:00,APPL,35.48,56,euro,0dd9790b6ccc6ea026fdcd80f0ada946
2026/07/31-12:35:00,APPL,34.91,57,euro,dc13a80ab0882f2ec133ea85a8a08668
2026/07/31-12:40:00,APPL,35.33,56,euro,4b0ccb3907f14f7e148bf363077a5095
2026/07/31-12:45:00,APPL,34.38,58,euro,aab50d44209a68232e617aff4ede2b16
2026/07/31-12:50:00,APPL,34.92,57,euro,10e720278262373edd4dae22f7820e34
2026/07/31-12:55:00,APPL,34.17,58,euro,07d97d41dc982bb8da28a8459d9deb72
2026/07/31-13:00:00,APPL,34.93,57,euro,55ab06e675c70b64aef9f8ce410a73d4
2026/07/31-13:05:00,APPL,34.66,57,euro,72657f51d9271dafa7b0e864b0448dab
2026/07/31-13:10:00,APPL,35.40,56,euro,dd43c5a17573fe98268660f5fa894aed
2026/07/31-13:15:00,APPL,35.45,56,euro,15666c29f123293508df9878c83fe20f
2026/07/31-13:20:00,APPL,35.13,56,euro,a222fee9ee618434c93191c2d8371ed6
2026/07/31-13:25:00,APPL,35.59,56,euro,c7c8c09b2a8fe9b9b9dd26bf5eb321e4
2026/07/31-13:30:00,APPL,35.80,55,euro,85231736fa1204ff05e8e465584c4a2b
2026/07/31-13:35:00,APPL,36.23,55,euro,1bb3cf2a1ea559bb6966b80571dafcda
2026/07/31-13:40:00,APPL,37.75,52,euro,74a00afafed62acb5d3b5fcbecfd47ca
2026/07/31-13:45:00,APPL,38.04,52,euro,8caeac07b60c12d235c8ed67d051ad92
2026/07/31-13:50:00,APPL,38.16,52,euro,68a520073738d762fcbe3e0d89aec87a
2026/07/31-13:55:00,APPL,38.12,52,euro,649e5a0550de84c2f0533a871f1f3d1f
2026/07/31-14:00:00,APPL,37.65,53,euro,af7a8ef01b2cb4bd080a193ab02a71f9
2026/07/31-14:05:00,APPL,39.11,51,euro,0a6c93138981bf598d8546c5665f99ed
2026/07/31-14:10:00,APPL,39.88,50,euro,4b2e057083d90d4aebed1b93ede3088c
2026/07/31-14:15:00,APPL,39.60,50,euro,7178bfff240ae682e7cd64208ae490ef
2026/07/31-14:20:00,APPL,38.95,51,euro,93b9258858743d15e4397e62368c076a
2026/07/31-14:25:00,APPL,39.11,51,euro,181966a442875c0da4b2fc20209f640f
2026/07/31-14:30:00,APPL,38.59,51,euro,0f153f977d34172c2377e29307f55206
2026/07/31-14:35:00,APPL,37.85,52,euro,f0e92959413c183385590cea56826d11
2026/07/31-14:40:00,APPL,38.16,52,euro,fcfac4841423a29b100ee4db10cbae6b
2026/07/31-14:45:00,APPL,38.87,51,euro,b65d383ac69120e1b43940780bf20499
2026/07/31-14:50:00,APPL,38.41,52,euro,72900bad59dd9a60563507cd5fe5fa0f
2026/07/31-14:55:00,APPL,39.10,51,euro,ee6629359f4c5403168272e550ebca0b
2026/07/31-15:00:00,APPL,39.08,51,euro,e8fb5d610a108b2911361ef9d28e6ad9
2026/07/31-15:05:00,APPL,39.60,50,euro,4144f1b832f0200ead74cace447a55c9
2026/07/31-15:10:00,APPL,38.04,52,euro,ea55bcd6a2cd430536cb74a83a196bd8
2026/07/31-15:15:00,APPL,37.86,52,euro,cd67ceeeae5627ef37368bc7481cd847
2026/07/31-15:20:00,APPL,37.92,52,euro,9e24ac1da0af88e246997c172b557591
2026/07/31-15:25:00,APPL,38.41,52,euro,2223af26c142ba921fb38a3903efbe7f
2026/07/31-15:30:00,APPL,38.13,52,euro,6483c2d6dbafeaf6ae5533fa99c0e359
2026/07/31-15:35:00,APPL,38.17,52,euro,d45eb54d9dcee5167dcf4d6cf59e87e9
2026/07/31-15:40:00,APPL,37.92,52,euro,42061c387b2bd0cbbed41e2256a78db0
2026/07/31-15:45:00,APPL,38.17,52,euro,7e87fb637493bfcc28fba15cf843ade6
2026/07/31-15:50:00,APPL,37.84,52,euro,569e1cfc870b3a049692c63f74cf1b5f
2026/07/31-15:55:00,APPL,37.87,52,euro,4fb878de894a9ef16995125342827657
2026/07/31-16:00:00,APPL,38.21,52,euro,9da196e41ea9cedd866bb86ebb30bfcf
2026/07/31-16:05:00,APPL,38.58,51,euro,f4160aa9ca0cb0c12fd31cf0d863b4ed
2026/07/31-16:10:00,APPL,40.37,49,euro,8f05472896c6f8a2ee1a25345e3410bd
2026/07/31-16:15:00,APPL,39.42,50,euro,b372dbca4f901cb62657b7041de7d27f
2026/07/31-16:20:00,APPL,39.22,50,euro,9082760ffc4314da6800d56c00bf0a46
2026/07/31-16:25:00,APPL,39.99,50,euro,199ce10fb0401f22be90b176d01393e9
2026/07/31-16:30:00,APPL,40.31,49,euro,bc754afb6ddb62bab044f2537929d172
2026/07/31-16:35:00,APPL,39.76,50,euro,f8da3b720de10117e72519c662435f60
2026/07/31-16:40:00,APPL,38.37,52,euro,6da4a12389946279368b91bc1bbf37fb
2026/07/31-16:45:00,APPL,38.58,51,euro,3a3795b02366f6cde138ec09caaaf347
2026/07/31-16:50:00,APPL,39.07,51,euro,eb385f2c1e70e07801973f5886504fe0
2026/07/31-16:55:00,APPL,39.46,50,euro,1693f73af29f496bb97c67f260897531
2026/08/01-09:30:00,APPL,39.42,50,euro,b7cd6a92c88792d1fe8da844855e7e08
2026/08/01-09:35:00,APPL,39.01,51,euro,b4df104827313cceda14f615a5a83841
2026/08/01-09:40:00,APPL,38.13,52,euro,716899501a6a05daa9d10fa6a7a57ae4
2026/08/01-09:45:00,APPL,37.76,52,euro,42e24b344ed57e3074247bd3cb6703a8
2026/08/01-09:50:00,APPL,38.10,52,euro,f74e0ba2bcfcd207dc1cb121bf84438f
2026/08/01-09:55:00,APPL,38.72,51,euro,d8516a0deead6133533e0a67af463697
2026/08/01-10:00:00,APPL,38.88,51,euro,53977dbef4a27b4c4248919f9a2f6e4c
2026/08/01-10:05:00,APPL,38.32,52,euro,6682ee985db7ffdc8e69bd40a2df7aed
2026/08/01-10:10:00,APPL,38.10,52,euro,58aa022e7de2ef9cf610370fcfbc8acd
2026/08/01-10:15:00,APPL,38.16,52,euro,698b479834440f67e221c350bdbea43a
2026/08/01-10:20:00,APPL,37.66,53,euro,cdc3291604207cb8fcf9ebd644352daa
2026/08/01-10:25:00,APPL,37.05,53,euro,6c377f0845215de9415de9df95060aaa
2026/08/01-10:30:00,APPL,36.90,54,euro,45e0e47c42b5e809fc772059241be364
2026/08/01-10:35:00,APPL,37.35,53,euro,980f38f1d6dd1a6a053f7f04f5d979c0
2026/08/01-10:40:00,APPL,37.70,53,euro,83f6901ccd9d997540d4beba7a5ce217
2026/08/01-10:45:00,APPL,37.10,53,euro,b5f689f3dae4d3e17321c28e883bb030
2026/08/01-10:50:00,APPL,37.29,53,euro,ecf3bc5d513065def88f1e7df330bfb1
2026/08/01-10:55:00,APPL,37.00,54,euro,8d89aafd19f1d1bdc497a01cb311bedc
2026/08/01-11:00:00,APPL,37.34,53,euro,34369925c7067e2d9b0ff0a5f8a3e3de
2026/08/01-11:05:00,APPL,37.21,53,euro,53e3ba4b6a4dc0e865e6d0860beb7f46
2026/08/01-11:10:00,APPL,37.04,53,euro,33d1245c143186f351d53f1202dcb129
2026/08/01-11:15:00,APPL,36.10,55,euro,969137d9aaafc7e330355f182a960c0e
2026/08/01-11:20:00,APPL,35.37,56,euro,063e0f10b85278e00ef8e98601489f80
2026/08/01-11:25:00,APPL,36.38,54,euro,e63cf02c84087e5275e3925910a4c791
2026/08/01-11:30:00,APPL,36.93,54,euro,c0581e6e1d4e998fa07c8fd946b57032
2026/08/01-11:35:00,APPL,36.29,55,euro,20dcaa9f08def14716d7c1274be05a27
2026/08/01-11:40:00,APPL,36.14,55,euro,3ccf0f95bdb34339d541653799f5f098
2026/08/01-11:45:00,APPL,36.09,55,euro,30772f8a1c8d49b165c710a3c86fb767
2026/08/01-11:50:00,APPL,36.18,55,euro,f0be5684869ecc0877f5930df0e4b34b
2026/08/01-11:55:00,APPL,36.05,55,euro,3f82d3d1f1e314d33e0e57a9444af54d
2026/08/01-12:00:00,APPL,35.07,57,euro,d805aa6892e3b2ca9c51269dd3941460
2026/08/01-12:05:00,APPL,35.07,57,euro,e5715c8817d81fc5b4ff8eb01aa78357
2026/08/01-12:10:00,APPL,34.71,57,euro,6385b00705f843628d4baaf59986f17a
2026/08/01-12:15:00,APPL,35.22,56,euro,75c9694bc2ae28d9ac0d5415aa3a09bb
2026/08/01-12:20:00,APPL,35.19,56,euro,1cafdc7f7a2590e1a281106d78cf04de
2026/08/01-12:25:00,APPL,34.18,58,euro,55261f7dbb015158a47347a792dc2f53
2026/08/01-12:30:00,APPL,34.22,58,euro,37a2fd0ecdace415c48858a90e5f760d
2026/08/01-12:35:00,APPL,33.45,59,euro,74ee797ea84508ac073ea998574d41f4
2026/08/01-12:40:00,APPL,33.49,59,euro,1bccf8a4ec2b0cdcd708c7d3a27ff9e5
2026/08/01-12:45:00,APPL,33.19,60,euro,e00b3f5b30ecc2b1216075f86c358dbf
2026/08/01-12:50:00,APPL,32.98,60,euro,247fa19bc73e3797d765cf3d8dc93dca
2026/08/01-12:55:00,APPL,33.52,59,euro,7b3617da34d9e38b03661ac9b01ca3ea
2026/08/01-13:00:00,APPL,33.86,59,euro,864ac16618de2c2e7a13d0909feb4111
2026/08/01-13:05:00,APPL,34.25,58,euro,02bc0c6e38605e1864798f98d4bda5e1
2026/08/01-13:10:00,APPL,33.48,59,euro,180eeedd78d12b79d3a9d8ce3b0ce534
2026/08/01-13:15:00,APPL,32.89,60,euro,ef08d0526e5e9f9372b29693938f0ea2
2026/08/01-13:20:00,APPL,32.73,61,euro,0f12e786650a8ade0d77cf7d1dd46a74
2026/08/01-13:25:00,APPL,32.58,61,euro,041d8da371a12b7074a5f53425bec8c6
2026/08/01-13:30:00,APPL,32.60,61,euro,1e639cd5441f2ea2ab34d9ba43e33eaa
2026/08/01-13:35:00,APPL,32.82,60,euro,278b474d1013ad6938ea96298188ad2a
2026/08/01-13:40:00,APPL,33.53,59,euro,3c1b21832584525462871086c29df38b
2026/08/01-13:45:00,APPL,34.18,58,euro,152f03cd87df45ccbb2a29523a2f90f7
2026/08/01-13:50:00,APPL,34.70,57,euro,66548ba2ecd530477850eff9bf185858
2026/08/01-13:55:00,APPL,34.32,58,euro,445c5cec3a385f4b092f9a5caaae40f1
2026/08/01-14:00:00,APPL,35.51,56,euro,b9ceb5bb7a33a425d9e0987c70cef2dd
2026/08/01-14:05:00,APPL,35.70,56,euro,38fe6b9322800d30f02ecc8cc14bb5e3
2026/08/01-14:10:00,APPL,35.23,56,euro,b28a27833d02067cccbb8c0021ea24d3
2026/08/01-14:15:00,APPL,34.75,57,euro,98fa4718d7271dff05e5d2d79f6fe29c
2026/08/01-14:20:00,APPL,34.62,57,euro,b8896dcfaa0933b04b2b8a61a4bd5d6d
2026/08/01-14:25:00,APPL,33.86,59,euro,df5cc13e01d96a9f7e6628db5eb210b6
2026/08/01-14:30:00,APPL,33.55,59,euro,fc2978d5d353aec0a9d7be666873a695
2026/08/01-14:35:00,APPL,33.56,59,euro,0910866aa4feb8c2a5fa41bdfbc6a18c
2026/08/01-14:40:00,APPL,34.12,58,euro,095949b39c22f2545e54ca964b88d61c
2026/08/01-14:45:00,APPL,34.05,58,euro,4e1eb4e513bfacfe67be2903af22b8fb
2026/08/01-14:50:00,APPL,34.07,58,euro,1c91ad4c7e9aeb92f8d372ebb721aa09
2026/08/01-14:55:00,APPL,34.33,58,euro,3b8cab61f39b92ee852bcdec1d00ebc8
2026/08/01-15:00:00,APPL,34.68,57,euro,46b0a55f0648c8eb39d991c4fe1620a6
2026/08/01-15:05:00,APPL,34.51,57,euro,62fd5f398bdb7e1c1478af44bf53ff99
2026/08/01-15:10:00,APPL,35.02,57,euro,bb7c74677a5c4f0779528ebc321f860f
2026/08/01-15:15:00,APPL,34.78,57,euro,c9dfa27e4575ac779ca4abebf15baf3d
2026/08/01-15:20:00,APPL,34.29,58,euro,e881febdca19ab279241fc1051a51e8d
2026/08/01-15:25:00,APPL,34.43,58,euro,de7f6d82f31993dc7c3fe8c50d62f25a
2026/08/01-15:30:00,APPL,33.72,59,euro,d815a7ee150e9b540b7f29d4a555fbbd
2026/08/01-15:35:00,APPL,34.11,58,euro,c1117172b39dd13e3f56b902f3c2c886
2026/08/01-15:40:00,APPL,33.31,60,euro,fab12a94f30af9f9e78dee1d71e98d78
2026/08/01-15:45:00,APPL,34.15,58,euro,7cd9fe95dea41fd5f649bfc5d7b5220d
2026/08/01-15:50:00,APPL,33.77,59,euro,8247484a7d9296d50742f8b2c486a51b
2026/08/01-15:55:00,APPL,34.29,58,euro,1e1d4b427a4e362432d63ee54086e600
2026/08/01-16:00:00,APPL,34.78,57,euro,3533f049f876caf1ced9d350454dd6c0
2026/08/01-16:05:00,APPL,34.63,57,euro,199a71ecd7a7bcba1bde22c7297e7f23
2026/08/01-16:10:00,APPL,35.56,56,euro,ec47f1361baeb03a5eafcf2e27943112
2026/08/01-16:15:00,APPL,35.83,55,euro,90aa4141966009e3c07fe7cf1194bdfb
2026/08/01-16:20:00,APPL,35.94,55,euro,7f4c37c651f989b0ad5247ad307546a8
2026/08/01-16:25:00,APPL,35.97,55,euro,3bfcb9f3cbc6d8752f6c12d2f7bf5cfd
2026/08/01-16:30:00,APPL,37.03,54,euro,edb88c4b78eee2ff9e5f8c5e61295ccc
2026/08/01-16:35:00,APPL,37.78,52,euro,6c5422250ab74d0aa551dc665d8d7c61
2026/08/01-16:40:00,APPL,37.97,52,euro,b2d3ebf877efb856d3fe70222e6a7142
2026/08/01-16:45:00,APPL,38.76,51,euro,5286fc81870b1f213bd2f56078c2d4be
2026/08/01-16:50:00,APPL,38.80,51,euro,00a390f96325da4dda055f297a9f9a22
2026/08/01-16:55:00,APPL,38.07,52,euro,b890059f7f81bec0a00f5f695d99828f
2026/08/02-09:30:00,APPL,37.11,53,euro,787162fa261a15983d1697d8f26c88ea
2026/08/02-09:35:00,APPL,38.92,51,euro,297a14d769cd3977cddd2f7c64ce0758
2026/08/02-09:40:00,APPL,38.99,51,euro,2e0a8a5686e093f826199d60cefa7a6d
2026/08/02-09:45:00,APPL,38.20,52,euro,3264af35f61fa1b604353116fa7e2f94
2026/08/02-09:50:00,APPL,38.01,52,euro,e329d444fcc1c0888a33a1ff0335f1e6
2026/08/02-09:55:00,APPL,38.57,51,euro,0d21ce91b9edc3bed659fbe982f25eaf
2026/08/02-10:00:00,APPL,37.78,52,euro,66e976322c46da913fefc9339170ea76
2026/08/02-10:05:00,APPL,37.95,52,euro,6b215dff94a453605792bc4e4f7f38a4
2026/08/02-10:10:00,APPL,38.08,52,euro,8857e9b626455a76acc76275e2f4345a
2026/08/02-10:15:00,APPL,38.32,52,euro,cdb742ecebd816ee0dc5b09083cc0e97
2026/08/02-10:20:00,APPL,38.31,52,euro,caf5b7cb235c190659756efe6941ece2
2026/08/02-10:25:00,APPL,37.86,52,euro,dd58e19005495d8aa3baa42489ff37a4
2026/08/02-10:30:00,APPL,37.55,53,euro,3da1763e4fb8603d6cfec291ab7f7d09
2026/08/02-10:35:00,APPL,37.08,53,euro,6a3a28e7e361231fa5d79b8bac273f67
2026/08/02-10:40:00,APPL,36.26,55,euro,5f97641561ae0f66c06e64f4caa2e2f0
2026/08/02-10:45:00,APPL,36.76,54,euro,37e96f6e87fa94b693f72d0359594292
2026/08/02-10:50:00,APPL,35.52,56,euro,52890af64a8334c0dff41c4a9eac9ec9
2026/08/02-10:55:00,APPL,34.81,57,euro,1d9c1a568acf943723a73d51e4af5334
2026/08/02-11:00:00,APPL,35.44,56,euro,1cb6b0ef8771ac7286945b656e2a3d46
2026/08/02-11:05:00,APPL,35.16,56,euro,9bc791d5e30711b18ea8c40d6354e887
2026/08/02-11:10:00,APPL,35.96,55,euro,465956f81c09cbec0fdc6c38ea4104d4
2026/08/02-11:15:00,APPL,36.01,55,euro,f45ee74cef2af6b38e28b6dc4b4c6b61
2026/08/02-11:20:00,APPL,36.29,55,euro,82ecb731c38bdc1494258fc3172b7682
2026/08/02-11:25:00,APPL,36.23,55,euro,7b97577e0f0c34653339235063afa4ca
2026/08/02-11:30:00,APPL,35.82,55,euro,3d08dfbbf1564b1163a3957ad23111cd
2026/08/02-11:35:00,APPL,35.41,56,euro,f8a3d1dd3e9a21065e7ce5e198ee2699
2026/08/02-11:40:00,APPL,35.27,56,euro,2e9e16ffad92d1298b80e6f33057db42
2026/08/02-11:45:00,APPL,36.06,55,euro,a02bff7f0d8f09dffe0e73d76da71408
2026/08/02-11:50:00,APPL,35.92,55,euro,76815cde82ab32f227d953b2f97a919f
2026/08/02-11:55:00,APPL,35.18,56,euro,a8655d6fba8f54141708e1e95dba4203
2026/08/02-12:00:00,APPL,35.47,56,euro,25a514eb393ab26ca1386357e7e095d3
2026/08/02-12:05:00,APPL,36.11,55,euro,9729e4e3633144f5037093afa11903ef
2026/08/02-12:10:00,APPL,36.80,54,euro,c3bdb32b6122567487e60336e1e2b143
2026/08/02-12:15:00,APPL,36.39,54,euro,af4c0150fa4ce67527141da528c13750
2026/08/02-12:20:00,APPL,36.51,54,euro,65f24502ebd99634dd30ab4a605fe904
2026/08/02-12:25:00,APPL,36.36,55,euro,9928cea3240309971dfb72c602a0427d
2026/08/02-12:30:00,APPL,36.29,55,euro,65334d10f91274469c08e83ce0759a42
2026/08/02-12:35:00,APPL,36.62,54,euro,2b70976c8eb89f2062a7cd580d4cabcd
2026/08/02-12:40:00,APPL,37.47,53,euro,1587af37a6275048d407b486eee8ffc8
2026/08/02-12:45:00,APPL,37.28,53,euro,95fb7ca4ab78c98bf04120e54bdebd79
2026/08/02-12:50:00,APPL,36.52,54,euro,d71698a29ac7d6a26cf2fbc9a8d8f699
2026/08/02-12:55:00,APPL,36.65,54,euro,e06351ee66112cd66a1feca1bb0f6965
2026/08/02-13:00:00,APPL,36.24,55,euro,d9805149e33fde98959a5f150f48ec07
2026/08/02-13:05:00,APPL,35.92,55,euro,5c8b16db5d621356453273e87e5a1db5
2026/08/02-13:10:00,APPL,35.68,56,euro,9384edd6ceea6458a16979dd9a7d8d1b
2026/08/02-13:15:00,APPL,34.54,57,euro,151b8bd0b065769c854c320213864134
2026/08/02-13:20:00,APPL,35.03,57,euro,b1dfc636c415915de89b4c04ec962ed3
2026/08/02-13:25:00,APPL,35.60,56,euro,0cc009257fbec76eadd22c2beb9e96cf
2026/08/02-13:30:00,APPL,35.35,56,euro,8166145485046800f668d88abbfa7581
2026/08/02-13:35:00,APPL,34.75,57,euro,6d47bf0a727941058493117b63089271
2026/08/02-13:40:00,APPL,34.64,57,euro,0f737c68e34275df27ba57f64f32b496
2026/08/02-13:45:00,APPL,34.04,58,euro,293efe3688123216cae73cb27cb16d46
2026/08/02-13:50:00,APPL,33.40,59,euro,b3c9b0a6df2071a9bb04b0d184c74b7d
2026/08/02-13:55:00,APPL,32.95,60,euro,b3f4fc2b47fe9c9ad6b1c34e4211a11a
2026/08/02-14:00:00,APPL,33.14,60,euro,032323e4883ca510ace39fa330f89331
2026/08/02-14:05:00,APPL,33.20,60,euro,d683aff9d6d2a66a5740fc006bc00d1a
2026/08/02-14:10:00,APPL,32.46,61,euro,683c764d5af1dcab34f4d36b46bc55dc
2026/08/02-14:15:00,APPL,32.20,62,euro,e5828c1736923ca579aee0b8da8725a9
2026/08/02-14:20:00,APPL,32.32,61,euro,79dfc5c41d134eeeb455fe2723732fcb
2026/08/02-14:25:00,APPL,31.65,63,euro,9e6e2ac57c2d871d553746866879f9df
2026/08/02-14:30:00,APPL,31.70,63,euro,2ea02d5eb45ef6c6c7bff7b8210ef1e6
2026/08/02-14:35:00,APPL,31.85,62,euro,2c0ed3bed34dd2a601b11510d30d1771
2026/08/02-14:40:00,APPL,32.57,61,euro,405718efd7de13a22a859c221f00e96d
2026/08/02-14:45:00,APPL,32.33,61,euro,dd0b6e37ace78f770d4f1afd3afc24e6
2026/08/02-14:50:00,APPL,32.85,60,euro,e1045ad71f6357fea05e20b8e54e36ac
2026/08/02-14:55:00,APPL,33.71,59,euro,a354d4cfe9a303e99a1773d5b5db371e
2026/08/02-15:00:00,APPL,34.11,58,euro,823169527155a329a7b3969bc7a9110e
2026/08/02-15:05:00,APPL,33.18,60,euro,9c978a52d96345df1216ac6e28b9d186
2026/08/02-15:10:00,APPL,34.27,58,euro,b283f33e5cb62ecd5a3f5afb43ddca5c
2026/08/02-15:15:00,APPL,34.44,58,euro,b563f8e8b68f6b6b12e64872eb05063a
2026/08/02-15:20:00,APPL,34.37,58,euro,9fb5695b9b502426c8081ce794cf0cd9
2026/08/02-15:25:00,APPL,33.97,58,euro,d28bef4a0e83e0ae26bd6b1345ad7bf2
2026/08/02-15:30:00,APPL,33.97,58,euro,618726ad0e6ec3a4a0ccf1f5a94ea741
2026/08/02-15:35:00,APPL,34.00,58,euro,f13fc01e6888d7bdfb15f33d5aeb2d9c
2026/08/02-15:40:00,APPL,34.74,57,euro,ea21f41519554bbf6ff814963686ee91
2026/08/02-15:45:00,APPL,33.88,59,euro,465538b3c3cf28baed2d640aff9d4955
2026/08/02-15:50:00,APPL,33.35,59,euro,dbdc7c16a32ff87d39d4823d0a27abce
2026/08/02-15:55:00,APPL,33.02,60,euro,7465c69e6ce26c29b8b580d0bb135734
2026/08/02-16:00:00,APPL,32.26,61,euro,1f387ce9312c17056f3d8b29df30b218
2026/08/02-16:05:00,APPL,32.05,62,euro,f0a20028984781e128230bc584f2e10e
2026/08/02-16:10:00,APPL,32.74,61,euro,f40b3466e1a4636af37178e1af525e81
2026/08/02-16:15:00,APPL,33.31,60,euro,cd58060b4325f3f22372d104323ef2b1
2026/08/02-16:20:00,APPL,32.74,61,euro,c115b7f736677c03e0ccb0ceae9d19a4
2026/08/02-16:25:00,APPL,33.11,60,euro,650ad1ab71a6f8b8c835620026538a1c
2026/08/02-16:30:00,APPL,32.52,61,euro,59e716b8679bd71da4b8e60f6a95997d
2026/08/02-16:35:00,APPL,33.44,59,euro,c84ac110c107b9982234d0f55ec00e44
2026/08/02-16:40:00,APPL,34.32,58,euro,841358bf792435ed9213e812cebf68da
2026/08/02-16:45:00,APPL,33.87,59,euro,19f933428e864b2129fc3422f0075b29
2026/08/02-16:50:00,APPL,33.85,59,euro,5dd34a2849881997a6eee5e972b070a7
2026/08/02-16:55:00,APPL,33.85,59,euro,a0d38d3dc5b534502c0eb59a4bde913d
2026/08/03-09:30:00,APPL,34.11,58,euro,949e31e2f9ce5b524211e5ef32bf9619
2026/08/03-09:35:00,APPL,34.70,57,euro,655db5be3a6f4219cf841d4dd36cdad5
2026/08/03-09:40:00,APPL,34.67,57,euro,e330cb5ba82b4c9fa9321b104ae69e10
2026/08/03-09:45:00,APPL,34.79,57,euro,6a0fb7097a035b3c2920cf6bbb859e3e
2026/08/03-09:50:00,APPL,34.76,57,euro,486f2747767530ccc62c78bbd09ffa65
2026/08/03-09:55:00,APPL,34.78,57,euro,00088273687b4948b92345108d32201c
2026/08/03-10:00:00,APPL,35.88,55,euro,ad266b5f985e27eb8d07055fcc6171b7
2026/08/03-10:05:00,APPL,36.14,55,euro,1aebe654341aa9e628727f35371df721
2026/08/03-10:10:00,APPL,36.41,54,euro,885b2d742c04c444984b42189721bdc8
2026/08/03-10:15:00,APPL,36.03,55,euro,0de838fdd36ab0ace549982b2b5bffcc
2026/08/03-10:20:00,APPL,36.05,55,euro,743c0a99fc19b0a98788ba51684aae96
2026/08/03-10:25:00,APPL,35.88,55,euro,636748ed5b46ffadd4d6f8a04322a7b3
2026/08/03-10:30:00,APPL,36.06,55,euro,6bb050c70259c025721251d23cbf5f92
2026/08/03-10:35:00,APPL,36.30,55,euro,82fa57e42b24ced12bccc31926af0aa1
2026/08/03-10:40:00,APPL,36.80,54,euro,ed5748f81621286b4219ebb124549b80
2026/08/03-10:45:00,APPL,37.19,53,euro,6435e61111f35debb00722175b48345c
2026/08/03-10:50:00,APPL,37.36,53,euro,c944fade5cdf01d551207059c2cf5e49
2026/08/03-10:55:00,APPL,38.18,52,euro,e359b56fed77029a29d43991e7defefd
2026/08/03-11:00:00,APPL,38.24,52,euro,cd2a28e7a8fb7f457123706948fc6a28
2026/08/03-11:05:00,APPL,38.21,52,euro,24576a7f7b09b134d4a6fde99e2f21d6
2026/08/03-11:10:00,APPL,37.79,52,euro,55e9a482e4ee33e05541016bec6bc0dd
2026/08/03-11:15:00,APPL,37.39,53,euro,f43fe2bb4060fc872500bf32f586ee9d
2026/08/03-11:20:00,APPL,37.36,53,euro,3260d73959f5b66030fab4365b4df2a9
2026/08/03-11:25:00,APPL,38.29,52,euro,30d0f3d0990969f1d886f656f89e3259
2026/08/03-11:30:00,APPL,37.75,52,euro,7bbfec30cd519fd5a46faf5ac1f6bfef
2026/08/03-11:35:00,APPL,37.60,53,euro,f71a70b039c3eda8464024499a33d2d3
2026/08/03-11:40:00,APPL,38.44,52,euro,f6d72c39a0ecd25bc64422d7f3adcf60
2026/08/03-11:45:00,APPL,38.46,52,euro,b1c5bcdeab2a12c94d9681a94f71e0d7
2026/08/03-11:50:00,APPL,38.31,52,euro,d7302b9956487561d561391ebc0ca496
2026/08/03-11:55:00,APPL,37.97,52,euro,38cfd291e23a2d496c09097a281b697d
2026/08/03-12:00:00,APPL,38.00,52,euro,e97f67ae03feb3e65e5cb2ad5131e540
2026/08/03-12:05:00,APPL,37.11,53,euro,f58ded9c931e78efab265746f41e560b
2026/08/03-12:10:00,APPL,37.48,53,euro,e5207d16978bdfa0cbae48bfdfd7fd1a
2026/08/03-12:15:00,APPL,37.41,53,euro,518f987194a659cc22cd4ad58dc2a166
2026/08/03-12:20:00,APPL,37.42,53,euro,46e3be38e618f027e8eb5e94438c7569
2026/08/03-12:25:00,APPL,38.34,52,euro,db9b09f2afb326ec4269cbc761f1b07b
2026/08/03-12:30:00,APPL,38.01,52,euro,648a5e0a0bd6ed50d566f57c05cef06f
2026/08/03-12:35:00,APPL,38.46,51,euro,47805674b1fff03576be33f21229e1a1
2026/08/03-12:40:00,APPL,38.13,52,euro,45ce981ef1b5df4e86a95b62383442d5
2026/08/03-12:45:00,APPL,39.76,50,euro,f3de6c8b55eae9395d941666b91fb931
2026/08/03-12:50:00,APPL,39.23,50,euro,779ccb9131404fe4ecb91ad4640b8ad8
2026/08/03-12:55:00,APPL,39.47,50,euro,219af4635301e4968128d88c579cdd61
2026/08/03-13:00:00,APPL,39.09,51,euro,ef5209ad6cda806d8a5175a982bd48de
2026/08/03-13:05:00,APPL,38.67,51,euro,a6cc0834b6ed00794c17fccc415a3c7f
2026/08/03-13:10:00,APPL,37.58,53,euro,ee8b98e80930e10cb4e7b93e93ebce16
2026/08/03-13:15:00,APPL,37.33,53,euro,2d4173d1a8bc3fdb1b7af74aaaaf4c8a
2026/08/03-13:20:00,APPL,36.68,54,euro,aefbaad01793251b38f0d98ab95a96a1
2026/08/03-13:25:00,APPL,35.71,56,euro,466eb169689bf27487353805a94575ea
2026/08/03-13:30:00,APPL,35.05,57,euro,62ee8f8fbffb3ef734b45fb788221825
2026/08/03-13:35:00,APPL,35.65,56,euro,7c5fa1cef8e657262302dab19b08b701
2026/08/03-13:40:00,APPL,35.36,56,euro,ffa4502ed98527273abd2675a7c11362
2026/08/03-13:45:00,APPL,35.92,55,euro,bd1796c98f8b6872e9af9184b4bb6472
2026/08/03-13:50:00,APPL,36.31,55,euro,15051f7e5a876bbc753339cc9106d97e
2026/08/03-13:55:00,APPL,37.57,53,euro,b47541fd79dae383df94b82fca0d79ac
2026/08/03-14:00:00,APPL,37.65,53,euro,31b484d638b2335b0e69332cd3da035b
2026/08/03-14:05:00,APPL,37.76,52,euro,522b4393c6da8c237cd41c18290921fe
2026/08/03-14:10:00,APPL,37.86,52,euro,4a8493f5bfc23b23bb8d0f3ed4efa6c7
2026/08/03-14:15:00,APPL,38.51,51,euro,5c26370e68e3e98814981f3faf6c5c10
2026/08/03-14:20:00,APPL,38.58,51,euro,d6163cb9958854f7db9d7044751d66f0
2026/08/03-14:25:00,APPL,39.38,50,euro,362a43c3b93b69bba4ccfd1612b6b87a
2026/08/03-14:30:00,APPL,40.16,49,euro,e84d88b33411b61cc3428be16b170bd3
2026/08/03-14:35:00,APPL,40.70,49,euro,2037bb9b08e654dc2da0a8e2ceb43d71
2026/08/03-14:40:00,APPL,40.47,49,euro,c63465e81db041e0c7c77b39b2f23bb0
2026/08/03-14:45:00,APPL,39.73,50,euro,1d780da9b77c26f44fa0f5d4cae0fd16
2026/08/03-14:50:00,APPL,39.46,50,euro,6fba6cc8fc66ced56955d93b555e0c5b
2026/08/03-14:55:00,APPL,39.59,50,euro,fbe4d24bb9c077447142149244625706
2026/08/03-15:00:00,APPL,39.61,50,euro,c6dabd96bc4345456cbbd99ac35e2e2c
2026/08/03-15:05:00,APPL,39.71,50,euro,511bc6a686ae960c42d4d835edc65129
2026/08/03-15:10:00,APPL,39.55,50,euro,f6170a10eeb960e315e4236a1e0d988b
2026/08/03-15:15:00,APPL,40.40,49,euro,5a13bbe00bc231b278b572272b1323e5
2026/08/03-15:20:00,APPL,39.86,50,euro,cdf0b1813558a2e79853819e5e8f8965
2026/08/03-15:25:00,APPL,40.72,49,euro,b52ee91cb06d293f6f03bee0f9b388c9
2026/08/03-15:30:00,APPL,39.57,50,euro,ed8348cbc3cb532690fa22d818b45d8b
2026/08/03-15:35:00,APPL,39.35,50,euro,8eb9ddbaac2d754e667a6eabda4ab4c2
2026/08/03-15:40:00,APPL,38.66,51,euro,20d82fed99df74dbd16e06984b16968b
2026/08/03-15:45:00,APPL,38.70,51,euro,6331f0e2e40f2430c45aa193f70a63f8
2026/08/03-15:50:00,APPL,39.02,51,euro,0834540a5b97526d6d3218ba7df42ec6
2026/08/03-15:55:00,APPL,38.96,51,euro,65cab00041fec10910596cab03537a84
2026/08/03-16:00:00,APPL,39.11,51,euro,7dce05fdca45737c3fec5193ebd8bc7f
2026/08/03-16:05:00,APPL,39.07,51,euro,7f457668f38ec6d0f8ac36ca3f77b23c
2026/08/03-16:10:00,APPL,38.63,51,euro,66236ea0a1cfba64040e7350ec2cc897
2026/08/03-16:15:00,APPL,39.87,50,euro,7ce65c84a0aff28ca6aca908d0a90bcf
2026/08/03-16:20:00,APPL,40.14,49,euro,065031b66ddeb6f036c2c84f8c030612
2026/08/03-16:25:00,APPL,40.09,49,euro,4aa95648c5226a7fe49fd1e3bcb0f35f
2026/08/03-16:30:00,APPL,39.17,51,euro,b65c03873cb5af491dcdfac29fb6a46d
2026/08/03-16:35:00,APPL,39.52,50,euro,37a4ec760559688166ff9348badf28f0
2026/08/03-16:40:00,APPL,39.82,50,euro,72cfaa7db30bb4eda78da196f121db8d
2026/08/03-16:45:00,APPL,40.93,48,euro,759ac9790154caba8e210937f7d50c1f
2026/08/03-16:50:00,APPL,41.17,48,euro,b3d7bed734f19732b30e286ccb0bb748
2026/08/03-16:55:00,APPL,39.62,50,euro,a5027ac4e4639df3545e1a8272c47434
